cycle_id,base_cycle,variant_idx,time_s,v_mps,a_mps2,P_meas_W,CdA,Crr,eta,P_aux_W,mass_kg
395,highway,0,0.0,0.0,,,1.1033613467690744,0.009906824178516635,0.9473446548199103,73.29202419949222,1374.504191036048
395,highway,0,1.0,0.0,,,1.1033613467690744,0.009906824178516635,0.9473446548199103,73.29202419949222,1374.504191036048
395,highway,0,2.0,0.0,,,1.1033613467690744,0.009906824178516635,0.9473446548199103,73.29202419949222,1374.504191036048
395,highway,0,3.0,0.0,,,1.1033613467690744,0.009906824178516635,0.9473446548199103,73.29202419949222,1374.504191036048
395,highway,0,4.0,0.0,,,1.1033613467690744,0.009906824178516635,0.9473446548199103,73.29202419949222,1374.504191036048
395,highway,0,5.0,0.0,,,1.1033613467690744,0.009906824178516635,0.9473446548199103,73.29202419949222,1374.504191036048
395,highway,0,6.0,0.0,,,1.1033613467690744,0.009906824178516635,0.9473446548199103,73.29202419949222,1374.504191036048
395,highway,0,7.0,0.0,,,1.1033613467690744,0.009906824178516635,0.9473446548199103,73.29202419949222,1374.504191036048
395,highway,0,8.0,0.0,,,1.1033613467690744,0.009906824178516635,0.9473446548199103,73.29202419949222,1374.504191036048
395,highway,0,9.0,0.0,,,1.1033613467690744,0.009906824178516635,0.9473446548199103,73.29202419949222,1374.504191036048
395,highway,0,10.0,0.0,,,1.1033613467690744,0.009906824178516635,0.9473446548199103,73.29202419949222,1374.504191036048
395,highway,0,11.0,0.0,,,1.1033613467690744,0.009906824178516635,0.9473446548199103,73.29202419949222,1374.504191036048
395,highway,0,12.0,0.0,,,1.1033613467690744,0.009906824178516635,0.9473446548199103,73.29202419949222,1374.504191036048
395,highway,0,13.0,0.0,,,1.1033613467690744,0.009906824178516635,0.9473446548199103,73.29202419949222,1374.504191036048
395,highway,0,14.0,0.0,,,1.1033613467690744,0.009906824178516635,0.9473446548199103,73.29202419949222,1374.504191036048
395,highway,0,15.0,0.0,,,1.1033613467690744,0.009906824178516635,0.9473446548199103,73.29202419949222,1374.504191036048
395,highway,0,16.0,0.0,,,1.1033613467690744,0.009906824178516635,0.9473446548199103,73.29202419949222,1374.504191036048
395,highway,0,17.0,0.0,,,1.1033613467690744,0.009906824178516635,0.9473446548199103,73.29202419949222,1374.504191036048
395,highway,0,18.0,0.0,,,1.1033613467690744,0.009906824178516635,0.9473446548199103,73.29202419949222,1374.504191036048
395,highway,0,19.0,0.0,,,1.1033613467690744,0.009906824178516635,0.9473446548199103,73.29202419949222,1374.504191036048
395,highway,0,20.0,0.0,,,1.1033613467690744,0.009906824178516635,0.9473446548199103,73.29202419949222,1374.504191036048
395,highway,0,21.0,0.0,,,1.1033613467690744,0.009906824178516635,0.9473446548199103,73.29202419949222,1374.504191036048
395,highway,0,22.0,0.0,,,1.1033613467690744,0.009906824178516635,0.9473446548199103,73.29202419949222,1374.504191036048
395,highway,0,23.0,0.0,,,1.1033613467690744,0.009906824178516635,0.9473446548199103,73.29202419949222,1374.504191036048
395,highway,0,24.0,0.0,,,1.1033613467690744,0.009906824178516635,0.9473446548199103,73.29202419949222,1374.504191036048
395,highway,0,25.0,0.0,,,1.1033613467690744,0.009906824178516635,0.9473446548199103,73.29202419949222,1374.504191036048
395,highway,0,26.0,0.0,,,1.1033613467690744,0.009906824178516635,0.9473446548199103,73.29202419949222,1374.504191036048
395,highway,0,27.0,0.0,,,1.1033613467690744,0.009906824178516635,0.9473446548199103,73.29202419949222,1374.504191036048
395,highway,0,28.0,0.0,,,1.1033613467690744,0.009906824178516635,0.9473446548199103,73.29202419949222,1374.504191036048
395,highway,0,29.0,0.0,,,1.1033613467690744,0.009906824178516635,0.9473446548199103,73.29202419949222,1374.504191036048
395,highway,0,30.0,0.0,,,1.1033613467690744,0.009906824178516635,0.9473446548199103,73.29202419949222,1374.504191036048
395,highway,0,31.0,0.0,,,1.1033613467690744,0.009906824178516635,0.9473446548199103,73.29202419949222,1374.504191036048
395,highway,0,32.0,0.0,,,1.1033613467690744,0.009906824178516635,0.9473446548199103,73.29202419949222,1374.504191036048
395,highway,0,33.0,0.0,,,1.1033613467690744,0.009906824178516635,0.9473446548199103,73.29202419949222,1374.504191036048
395,highway,0,34.0,0.0,,,1.1033613467690744,0.009906824178516635,0.9473446548199103,73.29202419949222,1374.504191036048
395,highway,0,35.0,0.0,,,1.1033613467690744,0.009906824178516635,0.9473446548199103,73.29202419949222,1374.504191036048
395,highway,0,36.0,0.0,,,1.1033613467690744,0.009906824178516635,0.9473446548199103,73.29202419949222,1374.504191036048
395,highway,0,37.0,0.0,,,1.1033613467690744,0.009906824178516635,0.9473446548199103,73.29202419949222,1374.504191036048
395,highway,0,38.0,0.0,,,1.1033613467690744,0.009906824178516635,0.9473446548199103,73.29202419949222,1374.504191036048
395,highway,0,39.0,0.0,,,1.1033613467690744,0.009906824178516635,0.9473446548199103,73.29202419949222,1374.504191036048
395,highway,0,40.0,0.0,,,1.1033613467690744,0.009906824178516635,0.9473446548199103,73.29202419949222,1374.504191036048
395,highway,0,41.0,0.0,,,1.1033613467690744,0.009906824178516635,0.9473446548199103,73.29202419949222,1374.504191036048
395,highway,0,42.0,0.0,,,1.1033613467690744,0.009906824178516635,0.9473446548199103,73.29202419949222,1374.504191036048
395,highway,0,43.0,0.0,,,1.1033613467690744,0.009906824178516635,0.9473446548199103,73.29202419949222,1374.504191036048
395,highway,0,44.0,0.0,,,1.1033613467690744,0.009906824178516635,0.9473446548199103,73.29202419949222,1374.504191036048
395,highway,0,45.0,0.0,,,1.1033613467690744,0.009906824178516635,0.9473446548199103,73.29202419949222,1374.504191036048
395,highway,0,46.0,0.0,,,1.1033613467690744,0.009906824178516635,0.9473446548199103,73.29202419949222,1374.504191036048
395,highway,0,47.0,0.0,,,1.1033613467690744,0.009906824178516635,0.9473446548199103,73.29202419949222,1374.504191036048
395,highway,0,48.0,0.0,,,1.1033613467690744,0.009906824178516635,0.9473446548199103,73.29202419949222,1374.504191036048
395,highway,0,49.0,0.0,,,1.1033613467690744,0.009906824178516635,0.9473446548199103,73.29202419949222,1374.504191036048
395,highway,0,50.0,0.0,,,1.1033613467690744,0.009906824178516635,0.9473446548199103,73.29202419949222,1374.504191036048
395,highway,0,51.0,0.0,,,1.1033613467690744,0.009906824178516635,0.9473446548199103,73.29202419949222,1374.504191036048
395,highway,0,52.0,0.0,,,1.1033613467690744,0.009906824178516635,0.9473446548199103,73.29202419949222,1374.504191036048
395,highway,0,53.0,0.0,,,1.1033613467690744,0.009906824178516635,0.9473446548199103,73.29202419949222,1374.504191036048
395,highway,0,54.0,0.0,,,1.1033613467690744,0.009906824178516635,0.9473446548199103,73.29202419949222,1374.504191036048
395,highway,0,55.0,0.0,,,1.1033613467690744,0.009906824178516635,0.9473446548199103,73.29202419949222,1374.504191036048
395,highway,0,56.0,0.0,,,1.1033613467690744,0.009906824178516635,0.9473446548199103,73.29202419949222,1374.504191036048
395,highway,0,57.0,0.0,,,1.1033613467690744,0.009906824178516635,0.9473446548199103,73.29202419949222,1374.504191036048
395,highway,0,58.0,0.0,,,1.1033613467690744,0.009906824178516635,0.9473446548199103,73.29202419949222,1374.504191036048
395,highway,0,59.0,0.0,,,1.1033613467690744,0.009906824178516635,0.9473446548199103,73.29202419949222,1374.504191036048
395,highway,0,60.0,0.0,,,1.1033613467690744,0.009906824178516635,0.9473446548199103,73.29202419949222,1374.504191036048
395,highway,0,61.0,0.0,,,1.1033613467690744,0.009906824178516635,0.9473446548199103,73.29202419949222,1374.504191036048
395,highway,0,62.0,0.0,,,1.1033613467690744,0.009906824178516635,0.9473446548199103,73.29202419949222,1374.504191036048
395,highway,0,63.0,0.0,,,1.1033613467690744,0.009906824178516635,0.9473446548199103,73.29202419949222,1374.504191036048
395,highway,0,64.0,0.0,,,1.1033613467690744,0.009906824178516635,0.9473446548199103,73.29202419949222,1374.504191036048
395,highway,0,65.0,0.0,,,1.1033613467690744,0.009906824178516635,0.9473446548199103,73.29202419949222,1374.504191036048
395,highway,0,66.0,0.0,,,1.1033613467690744,0.009906824178516635,0.9473446548199103,73.29202419949222,1374.504191036048
395,highway,0,67.0,0.0,,,1.1033613467690744,0.009906824178516635,0.9473446548199103,73.29202419949222,1374.504191036048
395,highway,0,68.0,0.0,,,1.1033613467690744,0.009906824178516635,0.9473446548199103,73.29202419949222,1374.504191036048
395,highway,0,69.0,0.0,,,1.1033613467690744,0.009906824178516635,0.9473446548199103,73.29202419949222,1374.504191036048
395,highway,0,70.0,0.0,,,1.1033613467690744,0.009906824178516635,0.9473446548199103,73.29202419949222,1374.504191036048
395,highway,0,71.0,0.0,,,1.1033613467690744,0.009906824178516635,0.9473446548199103,73.29202419949222,1374.504191036048
395,highway,0,72.0,0.0,,,1.1033613467690744,0.009906824178516635,0.9473446548199103,73.29202419949222,1374.504191036048
395,highway,0,73.0,0.0,,,1.1033613467690744,0.009906824178516635,0.9473446548199103,73.29202419949222,1374.504191036048
395,highway,0,74.0,0.0,,,1.1033613467690744,0.009906824178516635,0.9473446548199103,73.29202419949222,1374.504191036048
395,highway,0,75.0,0.0,,,1.1033613467690744,0.009906824178516635,0.9473446548199103,73.29202419949222,1374.504191036048
395,highway,0,76.0,0.0,,,1.1033613467690744,0.009906824178516635,0.9473446548199103,73.29202419949222,1374.504191036048
395,highway,0,77.0,0.0,,,1.1033613467690744,0.009906824178516635,0.9473446548199103,73.29202419949222,1374.504191036048
395,highway,0,78.0,0.0,,,1.1033613467690744,0.009906824178516635,0.9473446548199103,73.29202419949222,1374.504191036048
395,highway,0,79.0,0.0,,,1.1033613467690744,0.009906824178516635,0.9473446548199103,73.29202419949222,1374.504191036048
395,highway,0,80.0,0.0,,,1.1033613467690744,0.009906824178516635,0.9473446548199103,73.29202419949222,1374.504191036048
395,highway,0,81.0,0.0,,,1.1033613467690744,0.009906824178516635,0.9473446548199103,73.29202419949222,1374.504191036048
395,highway,0,82.0,0.0,,,1.1033613467690744,0.009906824178516635,0.9473446548199103,73.29202419949222,1374.504191036048
395,highway,0,83.0,0.0,,,1.1033613467690744,0.009906824178516635,0.9473446548199103,73.29202419949222,1374.504191036048
395,highway,0,84.0,0.0,,,1.1033613467690744,0.009906824178516635,0.9473446548199103,73.29202419949222,1374.504191036048
395,highway,0,85.0,0.0,,,1.1033613467690744,0.009906824178516635,0.9473446548199103,73.29202419949222,1374.504191036048
395,highway,0,86.0,0.0,,,1.1033613467690744,0.009906824178516635,0.9473446548199103,73.29202419949222,1374.504191036048
395,highway,0,87.0,0.0,,,1.1033613467690744,0.009906824178516635,0.9473446548199103,73.29202419949222,1374.504191036048
395,highway,0,88.0,0.0,,,1.1033613467690744,0.009906824178516635,0.9473446548199103,73.29202419949222,1374.504191036048
395,highway,0,89.0,0.0,,,1.1033613467690744,0.009906824178516635,0.9473446548199103,73.29202419949222,1374.504191036048
395,highway,0,90.0,0.0,,,1.1033613467690744,0.009906824178516635,0.9473446548199103,73.29202419949222,1374.504191036048
395,highway,0,91.0,0.0,,,1.1033613467690744,0.009906824178516635,0.9473446548199103,73.29202419949222,1374.504191036048
395,highway,0,92.0,0.0,,,1.1033613467690744,0.009906824178516635,0.9473446548199103,73.29202419949222,1374.504191036048
395,highway,0,93.0,0.0,,,1.1033613467690744,0.009906824178516635,0.9473446548199103,73.29202419949222,1374.504191036048
395,highway,0,94.0,0.0,,,1.1033613467690744,0.009906824178516635,0.9473446548199103,73.29202419949222,1374.504191036048
395,highway,0,95.0,0.0,,,1.1033613467690744,0.009906824178516635,0.9473446548199103,73.29202419949222,1374.504191036048
395,highway,0,96.0,0.0,,,1.1033613467690744,0.009906824178516635,0.9473446548199103,73.29202419949222,1374.504191036048
395,highway,0,97.0,0.0,,,1.1033613467690744,0.009906824178516635,0.9473446548199103,73.29202419949222,1374.504191036048
395,highway,0,98.0,0.0,,,1.1033613467690744,0.009906824178516635,0.9473446548199103,73.29202419949222,1374.504191036048
395,highway,0,99.0,0.0,,,1.1033613467690744,0.009906824178516635,0.9473446548199103,73.29202419949222,1374.504191036048
395,highway,0,100.0,0.0,,,1.1033613467690744,0.009906824178516635,0.9473446548199103,73.29202419949222,1374.504191036048
395,highway,0,101.0,0.0,,,1.1033613467690744,0.009906824178516635,0.9473446548199103,73.29202419949222,1374.504191036048
395,highway,0,102.0,0.0,,,1.1033613467690744,0.009906824178516635,0.9473446548199103,73.29202419949222,1374.504191036048
395,highway,0,103.0,0.0,,,1.1033613467690744,0.009906824178516635,0.9473446548199103,73.29202419949222,1374.504191036048
395,highway,0,104.0,0.0,,,1.1033613467690744,0.009906824178516635,0.9473446548199103,73.29202419949222,1374.504191036048
395,highway,0,105.0,0.0,,,1.1033613467690744,0.009906824178516635,0.9473446548199103,73.29202419949222,1374.504191036048
395,highway,0,106.0,0.0,,,1.1033613467690744,0.009906824178516635,0.9473446548199103,73.29202419949222,1374.504191036048
395,highway,0,107.0,0.0,,,1.1033613467690744,0.009906824178516635,0.9473446548199103,73.29202419949222,1374.504191036048
395,highway,0,108.0,0.0,,,1.1033613467690744,0.009906824178516635,0.9473446548199103,73.29202419949222,1374.504191036048
395,highway,0,109.0,0.0,,,1.1033613467690744,0.009906824178516635,0.9473446548199103,73.29202419949222,1374.504191036048
395,highway,0,110.0,0.0,,,1.1033613467690744,0.009906824178516635,0.9473446548199103,73.29202419949222,1374.504191036048
395,highway,0,111.0,0.0,,,1.1033613467690744,0.009906824178516635,0.9473446548199103,73.29202419949222,1374.504191036048
395,highway,0,112.0,0.0,,,1.1033613467690744,0.009906824178516635,0.9473446548199103,73.29202419949222,1374.504191036048
395,highway,0,113.0,0.0,,,1.1033613467690744,0.009906824178516635,0.9473446548199103,73.29202419949222,1374.504191036048
395,highway,0,114.0,0.0,,,1.1033613467690744,0.009906824178516635,0.9473446548199103,73.29202419949222,1374.504191036048
395,highway,0,115.0,0.0,,,1.1033613467690744,0.009906824178516635,0.9473446548199103,73.29202419949222,1374.504191036048
395,highway,0,116.0,0.0,,,1.1033613467690744,0.009906824178516635,0.9473446548199103,73.29202419949222,1374.504191036048
395,highway,0,117.0,0.0,,,1.1033613467690744,0.009906824178516635,0.9473446548199103,73.29202419949222,1374.504191036048
395,highway,0,118.0,0.0,,,1.1033613467690744,0.009906824178516635,0.9473446548199103,73.29202419949222,1374.504191036048
395,highway,0,119.0,0.0,,,1.1033613467690744,0.009906824178516635,0.9473446548199103,73.29202419949222,1374.504191036048
395,highway,0,120.0,0.0,,,1.1033613467690744,0.009906824178516635,0.9473446548199103,73.29202419949222,1374.504191036048
395,highway,0,121.0,0.0,,,1.1033613467690744,0.009906824178516635,0.9473446548199103,73.29202419949222,1374.504191036048
395,highway,0,122.0,0.0,,,1.1033613467690744,0.009906824178516635,0.9473446548199103,73.29202419949222,1374.504191036048
395,highway,0,123.0,0.0,,,1.1033613467690744,0.009906824178516635,0.9473446548199103,73.29202419949222,1374.504191036048
395,highway,0,124.0,0.0,,,1.1033613467690744,0.009906824178516635,0.9473446548199103,73.29202419949222,1374.504191036048
395,highway,0,125.0,0.0,,,1.1033613467690744,0.009906824178516635,0.9473446548199103,73.29202419949222,1374.504191036048
395,highway,0,126.0,0.0,,,1.1033613467690744,0.009906824178516635,0.9473446548199103,73.29202419949222,1374.504191036048
395,highway,0,127.0,0.0,,,1.1033613467690744,0.009906824178516635,0.9473446548199103,73.29202419949222,1374.504191036048
395,highway,0,128.0,0.0,,,1.1033613467690744,0.009906824178516635,0.9473446548199103,73.29202419949222,1374.504191036048
395,highway,0,129.0,0.0,,,1.1033613467690744,0.009906824178516635,0.9473446548199103,73.29202419949222,1374.504191036048
395,highway,0,130.0,0.0,,,1.1033613467690744,0.009906824178516635,0.9473446548199103,73.29202419949222,1374.504191036048
395,highway,0,131.0,0.0,,,1.1033613467690744,0.009906824178516635,0.9473446548199103,73.29202419949222,1374.504191036048
395,highway,0,132.0,0.0,,,1.1033613467690744,0.009906824178516635,0.9473446548199103,73.29202419949222,1374.504191036048
395,highway,0,133.0,0.0,,,1.1033613467690744,0.009906824178516635,0.9473446548199103,73.29202419949222,1374.504191036048
395,highway,0,134.0,0.0,,,1.1033613467690744,0.009906824178516635,0.9473446548199103,73.29202419949222,1374.504191036048
395,highway,0,135.0,0.0,,,1.1033613467690744,0.009906824178516635,0.9473446548199103,73.29202419949222,1374.504191036048
395,highway,0,136.0,0.0,,,1.1033613467690744,0.009906824178516635,0.9473446548199103,73.29202419949222,1374.504191036048
395,highway,0,137.0,0.0,,,1.1033613467690744,0.009906824178516635,0.9473446548199103,73.29202419949222,1374.504191036048
395,highway,0,138.0,0.0,,,1.1033613467690744,0.009906824178516635,0.9473446548199103,73.29202419949222,1374.504191036048
395,highway,0,139.0,0.0,,,1.1033613467690744,0.009906824178516635,0.9473446548199103,73.29202419949222,1374.504191036048
395,highway,0,140.0,0.0,,,1.1033613467690744,0.009906824178516635,0.9473446548199103,73.29202419949222,1374.504191036048
395,highway,0,141.0,0.0,,,1.1033613467690744,0.009906824178516635,0.9473446548199103,73.29202419949222,1374.504191036048
395,highway,0,142.0,0.0,,,1.1033613467690744,0.009906824178516635,0.9473446548199103,73.29202419949222,1374.504191036048
395,highway,0,143.0,0.0,,,1.1033613467690744,0.009906824178516635,0.9473446548199103,73.29202419949222,1374.504191036048
395,highway,0,144.0,0.0,,,1.1033613467690744,0.009906824178516635,0.9473446548199103,73.29202419949222,1374.504191036048
395,highway,0,145.0,0.0,,,1.1033613467690744,0.009906824178516635,0.9473446548199103,73.29202419949222,1374.504191036048
395,highway,0,146.0,0.0,,,1.1033613467690744,0.009906824178516635,0.9473446548199103,73.29202419949222,1374.504191036048
395,highway,0,147.0,0.0,,,1.1033613467690744,0.009906824178516635,0.9473446548199103,73.29202419949222,1374.504191036048
395,highway,0,148.0,0.0,,,1.1033613467690744,0.009906824178516635,0.9473446548199103,73.29202419949222,1374.504191036048
395,highway,0,149.0,0.0,,,1.1033613467690744,0.009906824178516635,0.9473446548199103,73.29202419949222,1374.504191036048
395,highway,0,150.0,0.0,,,1.1033613467690744,0.009906824178516635,0.9473446548199103,73.29202419949222,1374.504191036048
395,highway,0,151.0,0.0,,,1.1033613467690744,0.009906824178516635,0.9473446548199103,73.29202419949222,1374.504191036048
395,highway,0,152.0,0.0,,,1.1033613467690744,0.009906824178516635,0.9473446548199103,73.29202419949222,1374.504191036048
395,highway,0,153.0,0.0,,,1.1033613467690744,0.009906824178516635,0.9473446548199103,73.29202419949222,1374.504191036048
395,highway,0,154.0,0.0,,,1.1033613467690744,0.009906824178516635,0.9473446548199103,73.29202419949222,1374.504191036048
395,highway,0,155.0,0.0,,,1.1033613467690744,0.009906824178516635,0.9473446548199103,73.29202419949222,1374.504191036048
395,highway,0,156.0,0.0,,,1.1033613467690744,0.009906824178516635,0.9473446548199103,73.29202419949222,1374.504191036048
395,highway,0,157.0,0.0,,,1.1033613467690744,0.009906824178516635,0.9473446548199103,73.29202419949222,1374.504191036048
395,highway,0,158.0,0.0,,,1.1033613467690744,0.009906824178516635,0.9473446548199103,73.29202419949222,1374.504191036048
395,highway,0,159.0,0.0,,,1.1033613467690744,0.009906824178516635,0.9473446548199103,73.29202419949222,1374.504191036048
395,highway,0,160.0,0.0,,,1.1033613467690744,0.009906824178516635,0.9473446548199103,73.29202419949222,1374.504191036048
395,highway,0,161.0,0.0,,,1.1033613467690744,0.009906824178516635,0.9473446548199103,73.29202419949222,1374.504191036048
395,highway,0,162.0,0.0,,,1.1033613467690744,0.009906824178516635,0.9473446548199103,73.29202419949222,1374.504191036048
395,highway,0,163.0,0.0,,,1.1033613467690744,0.009906824178516635,0.9473446548199103,73.29202419949222,1374.504191036048
395,highway,0,164.0,0.0,,,1.1033613467690744,0.009906824178516635,0.9473446548199103,73.29202419949222,1374.504191036048
395,highway,0,165.0,0.0,,,1.1033613467690744,0.009906824178516635,0.9473446548199103,73.29202419949222,1374.504191036048
395,highway,0,166.0,0.0,,,1.1033613467690744,0.009906824178516635,0.9473446548199103,73.29202419949222,1374.504191036048
395,highway,0,167.0,0.0,,,1.1033613467690744,0.009906824178516635,0.9473446548199103,73.29202419949222,1374.504191036048
395,highway,0,168.0,0.0,,,1.1033613467690744,0.009906824178516635,0.9473446548199103,73.29202419949222,1374.504191036048
395,highway,0,169.0,0.0,,,1.1033613467690744,0.009906824178516635,0.9473446548199103,73.29202419949222,1374.504191036048
395,highway,0,170.0,0.0,,,1.1033613467690744,0.009906824178516635,0.9473446548199103,73.29202419949222,1374.504191036048
395,highway,0,171.0,0.0,,,1.1033613467690744,0.009906824178516635,0.9473446548199103,73.29202419949222,1374.504191036048
395,highway,0,172.0,0.0,,,1.1033613467690744,0.009906824178516635,0.9473446548199103,73.29202419949222,1374.504191036048
395,highway,0,173.0,0.0,,,1.1033613467690744,0.009906824178516635,0.9473446548199103,73.29202419949222,1374.504191036048
395,highway,0,174.0,0.0,,,1.1033613467690744,0.009906824178516635,0.9473446548199103,73.29202419949222,1374.504191036048
395,highway,0,175.0,0.0,,,1.1033613467690744,0.009906824178516635,0.9473446548199103,73.29202419949222,1374.504191036048
395,highway,0,176.0,0.0,,,1.1033613467690744,0.009906824178516635,0.9473446548199103,73.29202419949222,1374.504191036048
395,highway,0,177.0,0.0,,,1.1033613467690744,0.009906824178516635,0.9473446548199103,73.29202419949222,1374.504191036048
395,highway,0,178.0,0.0,,,1.1033613467690744,0.009906824178516635,0.9473446548199103,73.29202419949222,1374.504191036048
395,highway,0,179.0,0.0,,,1.1033613467690744,0.009906824178516635,0.9473446548199103,73.29202419949222,1374.504191036048
395,highway,0,180.0,0.0,,,1.1033613467690744,0.009906824178516635,0.9473446548199103,73.29202419949222,1374.504191036048
395,highway,0,181.0,0.0,,,1.1033613467690744,0.009906824178516635,0.9473446548199103,73.29202419949222,1374.504191036048
395,highway,0,182.0,0.0,,,1.1033613467690744,0.009906824178516635,0.9473446548199103,73.29202419949222,1374.504191036048
395,highway,0,183.0,0.0,,,1.1033613467690744,0.009906824178516635,0.9473446548199103,73.29202419949222,1374.504191036048
395,highway,0,184.0,0.0,,,1.1033613467690744,0.009906824178516635,0.9473446548199103,73.29202419949222,1374.504191036048
395,highway,0,185.0,0.0,,,1.1033613467690744,0.009906824178516635,0.9473446548199103,73.29202419949222,1374.504191036048
395,highway,0,186.0,0.0,,,1.1033613467690744,0.009906824178516635,0.9473446548199103,73.29202419949222,1374.504191036048
395,highway,0,187.0,0.0,,,1.1033613467690744,0.009906824178516635,0.9473446548199103,73.29202419949222,1374.504191036048
395,highway,0,188.0,0.0,,,1.1033613467690744,0.009906824178516635,0.9473446548199103,73.29202419949222,1374.504191036048
395,highway,0,189.0,0.0,,,1.1033613467690744,0.009906824178516635,0.9473446548199103,73.29202419949222,1374.504191036048
395,highway,0,190.0,0.0,,,1.1033613467690744,0.009906824178516635,0.9473446548199103,73.29202419949222,1374.504191036048
395,highway,0,191.0,0.0,,,1.1033613467690744,0.009906824178516635,0.9473446548199103,73.29202419949222,1374.504191036048
395,highway,0,192.0,0.0,,,1.1033613467690744,0.009906824178516635,0.9473446548199103,73.29202419949222,1374.504191036048
395,highway,0,193.0,0.0,,,1.1033613467690744,0.009906824178516635,0.9473446548199103,73.29202419949222,1374.504191036048
395,highway,0,194.0,0.0,,,1.1033613467690744,0.009906824178516635,0.9473446548199103,73.29202419949222,1374.504191036048
395,highway,0,195.0,0.0,,,1.1033613467690744,0.009906824178516635,0.9473446548199103,73.29202419949222,1374.504191036048
395,highway,0,196.0,0.0,,,1.1033613467690744,0.009906824178516635,0.9473446548199103,73.29202419949222,1374.504191036048
395,highway,0,197.0,0.0,,,1.1033613467690744,0.009906824178516635,0.9473446548199103,73.29202419949222,1374.504191036048
395,highway,0,198.0,0.0,,,1.1033613467690744,0.009906824178516635,0.9473446548199103,73.29202419949222,1374.504191036048
395,highway,0,199.0,0.0,,,1.1033613467690744,0.009906824178516635,0.9473446548199103,73.29202419949222,1374.504191036048
395,highway,0,200.0,0.0,,,1.1033613467690744,0.009906824178516635,0.9473446548199103,73.29202419949222,1374.504191036048
395,highway,0,201.0,0.0,,,1.1033613467690744,0.009906824178516635,0.9473446548199103,73.29202419949222,1374.504191036048
395,highway,0,202.0,0.0,,,1.1033613467690744,0.009906824178516635,0.9473446548199103,73.29202419949222,1374.504191036048
395,highway,0,203.0,0.0,,,1.1033613467690744,0.009906824178516635,0.9473446548199103,73.29202419949222,1374.504191036048
395,highway,0,204.0,0.0,,,1.1033613467690744,0.009906824178516635,0.9473446548199103,73.29202419949222,1374.504191036048
395,highway,0,205.0,0.0,,,1.1033613467690744,0.009906824178516635,0.9473446548199103,73.29202419949222,1374.504191036048
395,highway,0,206.0,0.0,,,1.1033613467690744,0.009906824178516635,0.9473446548199103,73.29202419949222,1374.504191036048
395,highway,0,207.0,0.0,,,1.1033613467690744,0.009906824178516635,0.9473446548199103,73.29202419949222,1374.504191036048
395,highway,0,208.0,0.0,,,1.1033613467690744,0.009906824178516635,0.9473446548199103,73.29202419949222,1374.504191036048
395,highway,0,209.0,0.0,,,1.1033613467690744,0.009906824178516635,0.9473446548199103,73.29202419949222,1374.504191036048
395,highway,0,210.0,0.0,,,1.1033613467690744,0.009906824178516635,0.9473446548199103,73.29202419949222,1374.504191036048
395,highway,0,211.0,0.0,,,1.1033613467690744,0.009906824178516635,0.9473446548199103,73.29202419949222,1374.504191036048
395,highway,0,212.0,0.0,,,1.1033613467690744,0.009906824178516635,0.9473446548199103,73.29202419949222,1374.504191036048
395,highway,0,213.0,0.0,,,1.1033613467690744,0.009906824178516635,0.9473446548199103,73.29202419949222,1374.504191036048
395,highway,0,214.0,0.0,,,1.1033613467690744,0.009906824178516635,0.9473446548199103,73.29202419949222,1374.504191036048
395,highway,0,215.0,0.0,,,1.1033613467690744,0.009906824178516635,0.9473446548199103,73.29202419949222,1374.504191036048
395,highway,0,216.0,0.0,,,1.1033613467690744,0.009906824178516635,0.9473446548199103,73.29202419949222,1374.504191036048
395,highway,0,217.0,0.0,,,1.1033613467690744,0.009906824178516635,0.9473446548199103,73.29202419949222,1374.504191036048
395,highway,0,218.0,0.0,,,1.1033613467690744,0.009906824178516635,0.9473446548199103,73.29202419949222,1374.504191036048
395,highway,0,219.0,0.0,,,1.1033613467690744,0.009906824178516635,0.9473446548199103,73.29202419949222,1374.504191036048
395,highway,0,220.0,0.0,,,1.1033613467690744,0.009906824178516635,0.9473446548199103,73.29202419949222,1374.504191036048
395,highway,0,221.0,0.0,,,1.1033613467690744,0.009906824178516635,0.9473446548199103,73.29202419949222,1374.504191036048
395,highway,0,222.0,0.0,,,1.1033613467690744,0.009906824178516635,0.9473446548199103,73.29202419949222,1374.504191036048
395,highway,0,223.0,0.0,,,1.1033613467690744,0.009906824178516635,0.9473446548199103,73.29202419949222,1374.504191036048
395,highway,0,224.0,0.0,,,1.1033613467690744,0.009906824178516635,0.9473446548199103,73.29202419949222,1374.504191036048
395,highway,0,225.0,0.0,,,1.1033613467690744,0.009906824178516635,0.9473446548199103,73.29202419949222,1374.504191036048
395,highway,0,226.0,0.0,,,1.1033613467690744,0.009906824178516635,0.9473446548199103,73.29202419949222,1374.504191036048
395,highway,0,227.0,0.0,,,1.1033613467690744,0.009906824178516635,0.9473446548199103,73.29202419949222,1374.504191036048
395,highway,0,228.0,0.0,,,1.1033613467690744,0.009906824178516635,0.9473446548199103,73.29202419949222,1374.504191036048
395,highway,0,229.0,0.0,,,1.1033613467690744,0.009906824178516635,0.9473446548199103,73.29202419949222,1374.504191036048
395,highway,0,230.0,0.0,,,1.1033613467690744,0.009906824178516635,0.9473446548199103,73.29202419949222,1374.504191036048
395,highway,0,231.0,0.0,,,1.1033613467690744,0.009906824178516635,0.9473446548199103,73.29202419949222,1374.504191036048
395,highway,0,232.0,0.0,,,1.1033613467690744,0.009906824178516635,0.9473446548199103,73.29202419949222,1374.504191036048
395,highway,0,233.0,0.0,,,1.1033613467690744,0.009906824178516635,0.9473446548199103,73.29202419949222,1374.504191036048
395,highway,0,234.0,0.0,,,1.1033613467690744,0.009906824178516635,0.9473446548199103,73.29202419949222,1374.504191036048
395,highway,0,235.0,0.0,,,1.1033613467690744,0.009906824178516635,0.9473446548199103,73.29202419949222,1374.504191036048
395,highway,0,236.0,0.0,,,1.1033613467690744,0.009906824178516635,0.9473446548199103,73.29202419949222,1374.504191036048
395,highway,0,237.0,0.0,,,1.1033613467690744,0.009906824178516635,0.9473446548199103,73.29202419949222,1374.504191036048
395,highway,0,238.0,0.0,,,1.1033613467690744,0.009906824178516635,0.9473446548199103,73.29202419949222,1374.504191036048
395,highway,0,239.0,0.0,,,1.1033613467690744,0.009906824178516635,0.9473446548199103,73.29202419949222,1374.504191036048
395,highway,0,240.0,0.0,,,1.1033613467690744,0.009906824178516635,0.9473446548199103,73.29202419949222,1374.504191036048
395,highway,0,241.0,0.0,,,1.1033613467690744,0.009906824178516635,0.9473446548199103,73.29202419949222,1374.504191036048
395,highway,0,242.0,0.0,,,1.1033613467690744,0.009906824178516635,0.9473446548199103,73.29202419949222,1374.504191036048
395,highway,0,243.0,0.0,,,1.1033613467690744,0.009906824178516635,0.9473446548199103,73.29202419949222,1374.504191036048
395,highway,0,244.0,0.0,,,1.1033613467690744,0.009906824178516635,0.9473446548199103,73.29202419949222,1374.504191036048
395,highway,0,245.0,0.0,,,1.1033613467690744,0.009906824178516635,0.9473446548199103,73.29202419949222,1374.504191036048
395,highway,0,246.0,0.0,,,1.1033613467690744,0.009906824178516635,0.9473446548199103,73.29202419949222,1374.504191036048
395,highway,0,247.0,0.0,,,1.1033613467690744,0.009906824178516635,0.9473446548199103,73.29202419949222,1374.504191036048
395,highway,0,248.0,0.0,,,1.1033613467690744,0.009906824178516635,0.9473446548199103,73.29202419949222,1374.504191036048
395,highway,0,249.0,0.0,,,1.1033613467690744,0.009906824178516635,0.9473446548199103,73.29202419949222,1374.504191036048
395,highway,0,250.0,0.0,,,1.1033613467690744,0.009906824178516635,0.9473446548199103,73.29202419949222,1374.504191036048
395,highway,0,251.0,0.0,,,1.1033613467690744,0.009906824178516635,0.9473446548199103,73.29202419949222,1374.504191036048
395,highway,0,252.0,0.0,,,1.1033613467690744,0.009906824178516635,0.9473446548199103,73.29202419949222,1374.504191036048
395,highway,0,253.0,0.0,,,1.1033613467690744,0.009906824178516635,0.9473446548199103,73.29202419949222,1374.504191036048
395,highway,0,254.0,0.0,,,1.1033613467690744,0.009906824178516635,0.9473446548199103,73.29202419949222,1374.504191036048
395,highway,0,255.0,0.0,,,1.1033613467690744,0.009906824178516635,0.9473446548199103,73.29202419949222,1374.504191036048
395,highway,0,256.0,0.0,,,1.1033613467690744,0.009906824178516635,0.9473446548199103,73.29202419949222,1374.504191036048
395,highway,0,257.0,0.0,,,1.1033613467690744,0.009906824178516635,0.9473446548199103,73.29202419949222,1374.504191036048
395,highway,0,258.0,0.0,,,1.1033613467690744,0.009906824178516635,0.9473446548199103,73.29202419949222,1374.504191036048
395,highway,0,259.0,0.0,,,1.1033613467690744,0.009906824178516635,0.9473446548199103,73.29202419949222,1374.504191036048
395,highway,0,260.0,0.0,,,1.1033613467690744,0.009906824178516635,0.9473446548199103,73.29202419949222,1374.504191036048
395,highway,0,261.0,0.0,,,1.1033613467690744,0.009906824178516635,0.9473446548199103,73.29202419949222,1374.504191036048
395,highway,0,262.0,0.0,,,1.1033613467690744,0.009906824178516635,0.9473446548199103,73.29202419949222,1374.504191036048
395,highway,0,263.0,0.0,,,1.1033613467690744,0.009906824178516635,0.9473446548199103,73.29202419949222,1374.504191036048
395,highway,0,264.0,0.0,,,1.1033613467690744,0.009906824178516635,0.9473446548199103,73.29202419949222,1374.504191036048
395,highway,0,265.0,0.0,,,1.1033613467690744,0.009906824178516635,0.9473446548199103,73.29202419949222,1374.504191036048
395,highway,0,266.0,0.0,,,1.1033613467690744,0.009906824178516635,0.9473446548199103,73.29202419949222,1374.504191036048
395,highway,0,267.0,0.0,,,1.1033613467690744,0.009906824178516635,0.9473446548199103,73.29202419949222,1374.504191036048
395,highway,0,268.0,0.0,,,1.1033613467690744,0.009906824178516635,0.9473446548199103,73.29202419949222,1374.504191036048
395,highway,0,269.0,0.0,,,1.1033613467690744,0.009906824178516635,0.9473446548199103,73.29202419949222,1374.504191036048
395,highway,0,270.0,0.0,,,1.1033613467690744,0.009906824178516635,0.9473446548199103,73.29202419949222,1374.504191036048
395,highway,0,271.0,0.0,,,1.1033613467690744,0.009906824178516635,0.9473446548199103,73.29202419949222,1374.504191036048
395,highway,0,272.0,0.0,,,1.1033613467690744,0.009906824178516635,0.9473446548199103,73.29202419949222,1374.504191036048
395,highway,0,273.0,0.0,,,1.1033613467690744,0.009906824178516635,0.9473446548199103,73.29202419949222,1374.504191036048
395,highway,0,274.0,0.0,,,1.1033613467690744,0.009906824178516635,0.9473446548199103,73.29202419949222,1374.504191036048
395,highway,0,275.0,0.0,,,1.1033613467690744,0.009906824178516635,0.9473446548199103,73.29202419949222,1374.504191036048
395,highway,0,276.0,0.0,,,1.1033613467690744,0.009906824178516635,0.9473446548199103,73.29202419949222,1374.504191036048
395,highway,0,277.0,0.0,,,1.1033613467690744,0.009906824178516635,0.9473446548199103,73.29202419949222,1374.504191036048
395,highway,0,278.0,0.0,,,1.1033613467690744,0.009906824178516635,0.9473446548199103,73.29202419949222,1374.504191036048
395,highway,0,279.0,0.0,,,1.1033613467690744,0.009906824178516635,0.9473446548199103,73.29202419949222,1374.504191036048
395,highway,0,280.0,0.0,,,1.1033613467690744,0.009906824178516635,0.9473446548199103,73.29202419949222,1374.504191036048
395,highway,0,281.0,0.0,,,1.1033613467690744,0.009906824178516635,0.9473446548199103,73.29202419949222,1374.504191036048
395,highway,0,282.0,0.0,,,1.1033613467690744,0.009906824178516635,0.9473446548199103,73.29202419949222,1374.504191036048
395,highway,0,283.0,0.0,,,1.1033613467690744,0.009906824178516635,0.9473446548199103,73.29202419949222,1374.504191036048
395,highway,0,284.0,0.0,,,1.1033613467690744,0.009906824178516635,0.9473446548199103,73.29202419949222,1374.504191036048
395,highway,0,285.0,0.0,,,1.1033613467690744,0.009906824178516635,0.9473446548199103,73.29202419949222,1374.504191036048
395,highway,0,286.0,0.0,,,1.1033613467690744,0.009906824178516635,0.9473446548199103,73.29202419949222,1374.504191036048
395,highway,0,287.0,0.0,,,1.1033613467690744,0.009906824178516635,0.9473446548199103,73.29202419949222,1374.504191036048
395,highway,0,288.0,0.0,,,1.1033613467690744,0.009906824178516635,0.9473446548199103,73.29202419949222,1374.504191036048
395,highway,0,289.0,0.0,,,1.1033613467690744,0.009906824178516635,0.9473446548199103,73.29202419949222,1374.504191036048
395,highway,0,290.0,0.0,,,1.1033613467690744,0.009906824178516635,0.9473446548199103,73.29202419949222,1374.504191036048
395,highway,0,291.0,0.0,,,1.1033613467690744,0.009906824178516635,0.9473446548199103,73.29202419949222,1374.504191036048
395,highway,0,292.0,0.0,,,1.1033613467690744,0.009906824178516635,0.9473446548199103,73.29202419949222,1374.504191036048
395,highway,0,293.0,0.0,,,1.1033613467690744,0.009906824178516635,0.9473446548199103,73.29202419949222,1374.504191036048
395,highway,0,294.0,0.0,,,1.1033613467690744,0.009906824178516635,0.9473446548199103,73.29202419949222,1374.504191036048
395,highway,0,295.0,0.0,,,1.1033613467690744,0.009906824178516635,0.9473446548199103,73.29202419949222,1374.504191036048
395,highway,0,296.0,0.0,,,1.1033613467690744,0.009906824178516635,0.9473446548199103,73.29202419949222,1374.504191036048
395,highway,0,297.0,0.0,,,1.1033613467690744,0.009906824178516635,0.9473446548199103,73.29202419949222,1374.504191036048
395,highway,0,298.0,0.0,,,1.1033613467690744,0.009906824178516635,0.9473446548199103,73.29202419949222,1374.504191036048
395,highway,0,299.0,0.0,,,1.1033613467690744,0.009906824178516635,0.9473446548199103,73.29202419949222,1374.504191036048
395,highway,0,300.0,0.0,,,1.1033613467690744,0.009906824178516635,0.9473446548199103,73.29202419949222,1374.504191036048
395,highway,0,301.0,0.0,,,1.1033613467690744,0.009906824178516635,0.9473446548199103,73.29202419949222,1374.504191036048
395,highway,0,302.0,0.0,,,1.1033613467690744,0.009906824178516635,0.9473446548199103,73.29202419949222,1374.504191036048
395,highway,0,303.0,0.0,,,1.1033613467690744,0.009906824178516635,0.9473446548199103,73.29202419949222,1374.504191036048
395,highway,0,304.0,0.0,,,1.1033613467690744,0.009906824178516635,0.9473446548199103,73.29202419949222,1374.504191036048
395,highway,0,305.0,0.0,,,1.1033613467690744,0.009906824178516635,0.9473446548199103,73.29202419949222,1374.504191036048
395,highway,0,306.0,0.0,,,1.1033613467690744,0.009906824178516635,0.9473446548199103,73.29202419949222,1374.504191036048
395,highway,0,307.0,0.0,,,1.1033613467690744,0.009906824178516635,0.9473446548199103,73.29202419949222,1374.504191036048
395,highway,0,308.0,0.0,,,1.1033613467690744,0.009906824178516635,0.9473446548199103,73.29202419949222,1374.504191036048
395,highway,0,309.0,0.0,,,1.1033613467690744,0.009906824178516635,0.9473446548199103,73.29202419949222,1374.504191036048
395,highway,0,310.0,0.0,,,1.1033613467690744,0.009906824178516635,0.9473446548199103,73.29202419949222,1374.504191036048
395,highway,0,311.0,0.0,,,1.1033613467690744,0.009906824178516635,0.9473446548199103,73.29202419949222,1374.504191036048
395,highway,0,312.0,0.0,,,1.1033613467690744,0.009906824178516635,0.9473446548199103,73.29202419949222,1374.504191036048
395,highway,0,313.0,0.0,,,1.1033613467690744,0.009906824178516635,0.9473446548199103,73.29202419949222,1374.504191036048
395,highway,0,314.0,0.0,,,1.1033613467690744,0.009906824178516635,0.9473446548199103,73.29202419949222,1374.504191036048
395,highway,0,315.0,0.0,,,1.1033613467690744,0.009906824178516635,0.9473446548199103,73.29202419949222,1374.504191036048
395,highway,0,316.0,0.0,,,1.1033613467690744,0.009906824178516635,0.9473446548199103,73.29202419949222,1374.504191036048
395,highway,0,317.0,0.0,,,1.1033613467690744,0.009906824178516635,0.9473446548199103,73.29202419949222,1374.504191036048
395,highway,0,318.0,0.0,,,1.1033613467690744,0.009906824178516635,0.9473446548199103,73.29202419949222,1374.504191036048
395,highway,0,319.0,0.0,,,1.1033613467690744,0.009906824178516635,0.9473446548199103,73.29202419949222,1374.504191036048
395,highway,0,320.0,0.0,,,1.1033613467690744,0.009906824178516635,0.9473446548199103,73.29202419949222,1374.504191036048
395,highway,0,321.0,0.0,,,1.1033613467690744,0.009906824178516635,0.9473446548199103,73.29202419949222,1374.504191036048
395,highway,0,322.0,0.0,,,1.1033613467690744,0.009906824178516635,0.9473446548199103,73.29202419949222,1374.504191036048
395,highway,0,323.0,0.0,,,1.1033613467690744,0.009906824178516635,0.9473446548199103,73.29202419949222,1374.504191036048
395,highway,0,324.0,0.0,,,1.1033613467690744,0.009906824178516635,0.9473446548199103,73.29202419949222,1374.504191036048
395,highway,0,325.0,0.0,,,1.1033613467690744,0.009906824178516635,0.9473446548199103,73.29202419949222,1374.504191036048
395,highway,0,326.0,0.0,,,1.1033613467690744,0.009906824178516635,0.9473446548199103,73.29202419949222,1374.504191036048
395,highway,0,327.0,0.0,,,1.1033613467690744,0.009906824178516635,0.9473446548199103,73.29202419949222,1374.504191036048
395,highway,0,328.0,0.0,,,1.1033613467690744,0.009906824178516635,0.9473446548199103,73.29202419949222,1374.504191036048
395,highway,0,329.0,0.0,,,1.1033613467690744,0.009906824178516635,0.9473446548199103,73.29202419949222,1374.504191036048
395,highway,0,330.0,0.0,,,1.1033613467690744,0.009906824178516635,0.9473446548199103,73.29202419949222,1374.504191036048
395,highway,0,331.0,0.0,,,1.1033613467690744,0.009906824178516635,0.9473446548199103,73.29202419949222,1374.504191036048
395,highway,0,332.0,0.0,,,1.1033613467690744,0.009906824178516635,0.9473446548199103,73.29202419949222,1374.504191036048
395,highway,0,333.0,0.0,,,1.1033613467690744,0.009906824178516635,0.9473446548199103,73.29202419949222,1374.504191036048
395,highway,0,334.0,0.0,,,1.1033613467690744,0.009906824178516635,0.9473446548199103,73.29202419949222,1374.504191036048
395,highway,0,335.0,0.0,,,1.1033613467690744,0.009906824178516635,0.9473446548199103,73.29202419949222,1374.504191036048
395,highway,0,336.0,0.0,,,1.1033613467690744,0.009906824178516635,0.9473446548199103,73.29202419949222,1374.504191036048
395,highway,0,337.0,0.0,,,1.1033613467690744,0.009906824178516635,0.9473446548199103,73.29202419949222,1374.504191036048
395,highway,0,338.0,0.0,,,1.1033613467690744,0.009906824178516635,0.9473446548199103,73.29202419949222,1374.504191036048
395,highway,0,339.0,0.0,,,1.1033613467690744,0.009906824178516635,0.9473446548199103,73.29202419949222,1374.504191036048
395,highway,0,340.0,0.0,,,1.1033613467690744,0.009906824178516635,0.9473446548199103,73.29202419949222,1374.504191036048
395,highway,0,341.0,0.0,,,1.1033613467690744,0.009906824178516635,0.9473446548199103,73.29202419949222,1374.504191036048
395,highway,0,342.0,0.0,,,1.1033613467690744,0.009906824178516635,0.9473446548199103,73.29202419949222,1374.504191036048
395,highway,0,343.0,0.0,,,1.1033613467690744,0.009906824178516635,0.9473446548199103,73.29202419949222,1374.504191036048
395,highway,0,344.0,0.0,,,1.1033613467690744,0.009906824178516635,0.9473446548199103,73.29202419949222,1374.504191036048
395,highway,0,345.0,0.0,,,1.1033613467690744,0.009906824178516635,0.9473446548199103,73.29202419949222,1374.504191036048
395,highway,0,346.0,0.0,,,1.1033613467690744,0.009906824178516635,0.9473446548199103,73.29202419949222,1374.504191036048
395,highway,0,347.0,0.0,,,1.1033613467690744,0.009906824178516635,0.9473446548199103,73.29202419949222,1374.504191036048
395,highway,0,348.0,0.0,,,1.1033613467690744,0.009906824178516635,0.9473446548199103,73.29202419949222,1374.504191036048
395,highway,0,349.0,0.0,,,1.1033613467690744,0.009906824178516635,0.9473446548199103,73.29202419949222,1374.504191036048
395,highway,0,350.0,0.0,,,1.1033613467690744,0.009906824178516635,0.9473446548199103,73.29202419949222,1374.504191036048
395,highway,0,351.0,0.0,,,1.1033613467690744,0.009906824178516635,0.9473446548199103,73.29202419949222,1374.504191036048
395,highway,0,352.0,0.0,,,1.1033613467690744,0.009906824178516635,0.9473446548199103,73.29202419949222,1374.504191036048
395,highway,0,353.0,0.0,,,1.1033613467690744,0.009906824178516635,0.9473446548199103,73.29202419949222,1374.504191036048
395,highway,0,354.0,0.0,,,1.1033613467690744,0.009906824178516635,0.9473446548199103,73.29202419949222,1374.504191036048
395,highway,0,355.0,0.0,,,1.1033613467690744,0.009906824178516635,0.9473446548199103,73.29202419949222,1374.504191036048
395,highway,0,356.0,0.0,,,1.1033613467690744,0.009906824178516635,0.9473446548199103,73.29202419949222,1374.504191036048
395,highway,0,357.0,0.0,,,1.1033613467690744,0.009906824178516635,0.9473446548199103,73.29202419949222,1374.504191036048
395,highway,0,358.0,0.0,,,1.1033613467690744,0.009906824178516635,0.9473446548199103,73.29202419949222,1374.504191036048
395,highway,0,359.0,0.0,,,1.1033613467690744,0.009906824178516635,0.9473446548199103,73.29202419949222,1374.504191036048
395,highway,0,360.0,0.0,,,1.1033613467690744,0.009906824178516635,0.9473446548199103,73.29202419949222,1374.504191036048
395,highway,0,361.0,0.0,,,1.1033613467690744,0.009906824178516635,0.9473446548199103,73.29202419949222,1374.504191036048
395,highway,0,362.0,0.0,,,1.1033613467690744,0.009906824178516635,0.9473446548199103,73.29202419949222,1374.504191036048
395,highway,0,363.0,0.0,,,1.1033613467690744,0.009906824178516635,0.9473446548199103,73.29202419949222,1374.504191036048
395,highway,0,364.0,0.0,,,1.1033613467690744,0.009906824178516635,0.9473446548199103,73.29202419949222,1374.504191036048
395,highway,0,365.0,0.0,,,1.1033613467690744,0.009906824178516635,0.9473446548199103,73.29202419949222,1374.504191036048
395,highway,0,366.0,0.0,,,1.1033613467690744,0.009906824178516635,0.9473446548199103,73.29202419949222,1374.504191036048
395,highway,0,367.0,0.0,,,1.1033613467690744,0.009906824178516635,0.9473446548199103,73.29202419949222,1374.504191036048
395,highway,0,368.0,0.0,,,1.1033613467690744,0.009906824178516635,0.9473446548199103,73.29202419949222,1374.504191036048
395,highway,0,369.0,0.0,,,1.1033613467690744,0.009906824178516635,0.9473446548199103,73.29202419949222,1374.504191036048
395,highway,0,370.0,0.0,,,1.1033613467690744,0.009906824178516635,0.9473446548199103,73.29202419949222,1374.504191036048
395,highway,0,371.0,0.0,,,1.1033613467690744,0.009906824178516635,0.9473446548199103,73.29202419949222,1374.504191036048
395,highway,0,372.0,0.0,,,1.1033613467690744,0.009906824178516635,0.9473446548199103,73.29202419949222,1374.504191036048
395,highway,0,373.0,0.0,,,1.1033613467690744,0.009906824178516635,0.9473446548199103,73.29202419949222,1374.504191036048
395,highway,0,374.0,0.0,,,1.1033613467690744,0.009906824178516635,0.9473446548199103,73.29202419949222,1374.504191036048
395,highway,0,375.0,0.0,,,1.1033613467690744,0.009906824178516635,0.9473446548199103,73.29202419949222,1374.504191036048
395,highway,0,376.0,0.0,,,1.1033613467690744,0.009906824178516635,0.9473446548199103,73.29202419949222,1374.504191036048
395,highway,0,377.0,0.0,,,1.1033613467690744,0.009906824178516635,0.9473446548199103,73.29202419949222,1374.504191036048
395,highway,0,378.0,0.0,,,1.1033613467690744,0.009906824178516635,0.9473446548199103,73.29202419949222,1374.504191036048
395,highway,0,379.0,0.0,,,1.1033613467690744,0.009906824178516635,0.9473446548199103,73.29202419949222,1374.504191036048
395,highway,0,380.0,0.0,,,1.1033613467690744,0.009906824178516635,0.9473446548199103,73.29202419949222,1374.504191036048
395,highway,0,381.0,0.0,,,1.1033613467690744,0.009906824178516635,0.9473446548199103,73.29202419949222,1374.504191036048
395,highway,0,382.0,0.0,,,1.1033613467690744,0.009906824178516635,0.9473446548199103,73.29202419949222,1374.504191036048
395,highway,0,383.0,0.0,,,1.1033613467690744,0.009906824178516635,0.9473446548199103,73.29202419949222,1374.504191036048
395,highway,0,384.0,0.0,,,1.1033613467690744,0.009906824178516635,0.9473446548199103,73.29202419949222,1374.504191036048
395,highway,0,385.0,0.0,,,1.1033613467690744,0.009906824178516635,0.9473446548199103,73.29202419949222,1374.504191036048
395,highway,0,386.0,0.0,,,1.1033613467690744,0.009906824178516635,0.9473446548199103,73.29202419949222,1374.504191036048
395,highway,0,387.0,0.0,,,1.1033613467690744,0.009906824178516635,0.9473446548199103,73.29202419949222,1374.504191036048
395,highway,0,388.0,0.0,,,1.1033613467690744,0.009906824178516635,0.9473446548199103,73.29202419949222,1374.504191036048
395,highway,0,389.0,0.0,,,1.1033613467690744,0.009906824178516635,0.9473446548199103,73.29202419949222,1374.504191036048
395,highway,0,390.0,0.0,,,1.1033613467690744,0.009906824178516635,0.9473446548199103,73.29202419949222,1374.504191036048
395,highway,0,391.0,0.0,,,1.1033613467690744,0.009906824178516635,0.9473446548199103,73.29202419949222,1374.504191036048
395,highway,0,392.0,0.0,,,1.1033613467690744,0.009906824178516635,0.9473446548199103,73.29202419949222,1374.504191036048
395,highway,0,393.0,0.0,,,1.1033613467690744,0.009906824178516635,0.9473446548199103,73.29202419949222,1374.504191036048
395,highway,0,394.0,0.0,,,1.1033613467690744,0.009906824178516635,0.9473446548199103,73.29202419949222,1374.504191036048
395,highway,0,395.0,0.0,,,1.1033613467690744,0.009906824178516635,0.9473446548199103,73.29202419949222,1374.504191036048
395,highway,0,396.0,0.0,,,1.1033613467690744,0.009906824178516635,0.9473446548199103,73.29202419949222,1374.504191036048
395,highway,0,397.0,0.0,,,1.1033613467690744,0.009906824178516635,0.9473446548199103,73.29202419949222,1374.504191036048
395,highway,0,398.0,0.0,,,1.1033613467690744,0.009906824178516635,0.9473446548199103,73.29202419949222,1374.504191036048
395,highway,0,399.0,0.0,,,1.1033613467690744,0.009906824178516635,0.9473446548199103,73.29202419949222,1374.504191036048
395,highway,0,400.0,0.0,,,1.1033613467690744,0.009906824178516635,0.9473446548199103,73.29202419949222,1374.504191036048
395,highway,0,401.0,0.0,,,1.1033613467690744,0.009906824178516635,0.9473446548199103,73.29202419949222,1374.504191036048
395,highway,0,402.0,0.0,,,1.1033613467690744,0.009906824178516635,0.9473446548199103,73.29202419949222,1374.504191036048
395,highway,0,403.0,0.0,,,1.1033613467690744,0.009906824178516635,0.9473446548199103,73.29202419949222,1374.504191036048
395,highway,0,404.0,0.0,,,1.1033613467690744,0.009906824178516635,0.9473446548199103,73.29202419949222,1374.504191036048
395,highway,0,405.0,0.0,,,1.1033613467690744,0.009906824178516635,0.9473446548199103,73.29202419949222,1374.504191036048
395,highway,0,406.0,0.0,,,1.1033613467690744,0.009906824178516635,0.9473446548199103,73.29202419949222,1374.504191036048
395,highway,0,407.0,0.0,,,1.1033613467690744,0.009906824178516635,0.9473446548199103,73.29202419949222,1374.504191036048
395,highway,0,408.0,0.0,,,1.1033613467690744,0.009906824178516635,0.9473446548199103,73.29202419949222,1374.504191036048
395,highway,0,409.0,0.0,,,1.1033613467690744,0.009906824178516635,0.9473446548199103,73.29202419949222,1374.504191036048
395,highway,0,410.0,0.0,,,1.1033613467690744,0.009906824178516635,0.9473446548199103,73.29202419949222,1374.504191036048
395,highway,0,411.0,0.0,,,1.1033613467690744,0.009906824178516635,0.9473446548199103,73.29202419949222,1374.504191036048
395,highway,0,412.0,0.0,,,1.1033613467690744,0.009906824178516635,0.9473446548199103,73.29202419949222,1374.504191036048
395,highway,0,413.0,0.0,,,1.1033613467690744,0.009906824178516635,0.9473446548199103,73.29202419949222,1374.504191036048
395,highway,0,414.0,0.0,,,1.1033613467690744,0.009906824178516635,0.9473446548199103,73.29202419949222,1374.504191036048
395,highway,0,415.0,0.0,,,1.1033613467690744,0.009906824178516635,0.9473446548199103,73.29202419949222,1374.504191036048
395,highway,0,416.0,0.0,,,1.1033613467690744,0.009906824178516635,0.9473446548199103,73.29202419949222,1374.504191036048
395,highway,0,417.0,0.0,,,1.1033613467690744,0.009906824178516635,0.9473446548199103,73.29202419949222,1374.504191036048
395,highway,0,418.0,0.0,,,1.1033613467690744,0.009906824178516635,0.9473446548199103,73.29202419949222,1374.504191036048
395,highway,0,419.0,0.0,,,1.1033613467690744,0.009906824178516635,0.9473446548199103,73.29202419949222,1374.504191036048
395,highway,0,420.0,0.0,,,1.1033613467690744,0.009906824178516635,0.9473446548199103,73.29202419949222,1374.504191036048
395,highway,0,421.0,0.0,,,1.1033613467690744,0.009906824178516635,0.9473446548199103,73.29202419949222,1374.504191036048
395,highway,0,422.0,0.0,,,1.1033613467690744,0.009906824178516635,0.9473446548199103,73.29202419949222,1374.504191036048
395,highway,0,423.0,0.0,,,1.1033613467690744,0.009906824178516635,0.9473446548199103,73.29202419949222,1374.504191036048
395,highway,0,424.0,0.0,,,1.1033613467690744,0.009906824178516635,0.9473446548199103,73.29202419949222,1374.504191036048
395,highway,0,425.0,0.0,,,1.1033613467690744,0.009906824178516635,0.9473446548199103,73.29202419949222,1374.504191036048
395,highway,0,426.0,0.0,,,1.1033613467690744,0.009906824178516635,0.9473446548199103,73.29202419949222,1374.504191036048
395,highway,0,427.0,0.0,,,1.1033613467690744,0.009906824178516635,0.9473446548199103,73.29202419949222,1374.504191036048
395,highway,0,428.0,0.0,,,1.1033613467690744,0.009906824178516635,0.9473446548199103,73.29202419949222,1374.504191036048
395,highway,0,429.0,0.0,,,1.1033613467690744,0.009906824178516635,0.9473446548199103,73.29202419949222,1374.504191036048
395,highway,0,430.0,0.0,,,1.1033613467690744,0.009906824178516635,0.9473446548199103,73.29202419949222,1374.504191036048
395,highway,0,431.0,0.0,,,1.1033613467690744,0.009906824178516635,0.9473446548199103,73.29202419949222,1374.504191036048
395,highway,0,432.0,0.0,,,1.1033613467690744,0.009906824178516635,0.9473446548199103,73.29202419949222,1374.504191036048
395,highway,0,433.0,0.0,,,1.1033613467690744,0.009906824178516635,0.9473446548199103,73.29202419949222,1374.504191036048
395,highway,0,434.0,0.0,,,1.1033613467690744,0.009906824178516635,0.9473446548199103,73.29202419949222,1374.504191036048
395,highway,0,435.0,0.0,,,1.1033613467690744,0.009906824178516635,0.9473446548199103,73.29202419949222,1374.504191036048
395,highway,0,436.0,0.0,,,1.1033613467690744,0.009906824178516635,0.9473446548199103,73.29202419949222,1374.504191036048
395,highway,0,437.0,0.0,,,1.1033613467690744,0.009906824178516635,0.9473446548199103,73.29202419949222,1374.504191036048
395,highway,0,438.0,0.0,,,1.1033613467690744,0.009906824178516635,0.9473446548199103,73.29202419949222,1374.504191036048
395,highway,0,439.0,0.0,,,1.1033613467690744,0.009906824178516635,0.9473446548199103,73.29202419949222,1374.504191036048
395,highway,0,440.0,0.0,,,1.1033613467690744,0.009906824178516635,0.9473446548199103,73.29202419949222,1374.504191036048
395,highway,0,441.0,0.0,,,1.1033613467690744,0.009906824178516635,0.9473446548199103,73.29202419949222,1374.504191036048
395,highway,0,442.0,0.0,,,1.1033613467690744,0.009906824178516635,0.9473446548199103,73.29202419949222,1374.504191036048
395,highway,0,443.0,0.0,,,1.1033613467690744,0.009906824178516635,0.9473446548199103,73.29202419949222,1374.504191036048
395,highway,0,444.0,0.0,,,1.1033613467690744,0.009906824178516635,0.9473446548199103,73.29202419949222,1374.504191036048
395,highway,0,445.0,0.0,,,1.1033613467690744,0.009906824178516635,0.9473446548199103,73.29202419949222,1374.504191036048
395,highway,0,446.0,0.0,,,1.1033613467690744,0.009906824178516635,0.9473446548199103,73.29202419949222,1374.504191036048
395,highway,0,447.0,0.0,,,1.1033613467690744,0.009906824178516635,0.9473446548199103,73.29202419949222,1374.504191036048
395,highway,0,448.0,0.0,,,1.1033613467690744,0.009906824178516635,0.9473446548199103,73.29202419949222,1374.504191036048
395,highway,0,449.0,0.0,,,1.1033613467690744,0.009906824178516635,0.9473446548199103,73.29202419949222,1374.504191036048
395,highway,0,450.0,0.0,,,1.1033613467690744,0.009906824178516635,0.9473446548199103,73.29202419949222,1374.504191036048
395,highway,0,451.0,0.0,,,1.1033613467690744,0.009906824178516635,0.9473446548199103,73.29202419949222,1374.504191036048
395,highway,0,452.0,0.0,,,1.1033613467690744,0.009906824178516635,0.9473446548199103,73.29202419949222,1374.504191036048
395,highway,0,453.0,0.0,,,1.1033613467690744,0.009906824178516635,0.9473446548199103,73.29202419949222,1374.504191036048
395,highway,0,454.0,0.0,,,1.1033613467690744,0.009906824178516635,0.9473446548199103,73.29202419949222,1374.504191036048
395,highway,0,455.0,0.0,,,1.1033613467690744,0.009906824178516635,0.9473446548199103,73.29202419949222,1374.504191036048
395,highway,0,456.0,0.0,,,1.1033613467690744,0.009906824178516635,0.9473446548199103,73.29202419949222,1374.504191036048
395,highway,0,457.0,0.0,,,1.1033613467690744,0.009906824178516635,0.9473446548199103,73.29202419949222,1374.504191036048
395,highway,0,458.0,0.0,,,1.1033613467690744,0.009906824178516635,0.9473446548199103,73.29202419949222,1374.504191036048
395,highway,0,459.0,0.0,,,1.1033613467690744,0.009906824178516635,0.9473446548199103,73.29202419949222,1374.504191036048
395,highway,0,460.0,0.0,,,1.1033613467690744,0.009906824178516635,0.9473446548199103,73.29202419949222,1374.504191036048
395,highway,0,461.0,0.0,,,1.1033613467690744,0.009906824178516635,0.9473446548199103,73.29202419949222,1374.504191036048
395,highway,0,462.0,0.0,,,1.1033613467690744,0.009906824178516635,0.9473446548199103,73.29202419949222,1374.504191036048
395,highway,0,463.0,0.0,,,1.1033613467690744,0.009906824178516635,0.9473446548199103,73.29202419949222,1374.504191036048
395,highway,0,464.0,0.0,,,1.1033613467690744,0.009906824178516635,0.9473446548199103,73.29202419949222,1374.504191036048
395,highway,0,465.0,0.0,,,1.1033613467690744,0.009906824178516635,0.9473446548199103,73.29202419949222,1374.504191036048
395,highway,0,466.0,0.0,,,1.1033613467690744,0.009906824178516635,0.9473446548199103,73.29202419949222,1374.504191036048
395,highway,0,467.0,0.0,,,1.1033613467690744,0.009906824178516635,0.9473446548199103,73.29202419949222,1374.504191036048
395,highway,0,468.0,0.0,,,1.1033613467690744,0.009906824178516635,0.9473446548199103,73.29202419949222,1374.504191036048
395,highway,0,469.0,0.0,,,1.1033613467690744,0.009906824178516635,0.9473446548199103,73.29202419949222,1374.504191036048
395,highway,0,470.0,0.0,,,1.1033613467690744,0.009906824178516635,0.9473446548199103,73.29202419949222,1374.504191036048
395,highway,0,471.0,0.0,,,1.1033613467690744,0.009906824178516635,0.9473446548199103,73.29202419949222,1374.504191036048
395,highway,0,472.0,0.0,,,1.1033613467690744,0.009906824178516635,0.9473446548199103,73.29202419949222,1374.504191036048
395,highway,0,473.0,0.0,,,1.1033613467690744,0.009906824178516635,0.9473446548199103,73.29202419949222,1374.504191036048
395,highway,0,474.0,0.0,,,1.1033613467690744,0.009906824178516635,0.9473446548199103,73.29202419949222,1374.504191036048
395,highway,0,475.0,0.0,,,1.1033613467690744,0.009906824178516635,0.9473446548199103,73.29202419949222,1374.504191036048
395,highway,0,476.0,0.0,,,1.1033613467690744,0.009906824178516635,0.9473446548199103,73.29202419949222,1374.504191036048
395,highway,0,477.0,0.0,,,1.1033613467690744,0.009906824178516635,0.9473446548199103,73.29202419949222,1374.504191036048
395,highway,0,478.0,0.0,,,1.1033613467690744,0.009906824178516635,0.9473446548199103,73.29202419949222,1374.504191036048
395,highway,0,479.0,0.0,,,1.1033613467690744,0.009906824178516635,0.9473446548199103,73.29202419949222,1374.504191036048
395,highway,0,480.0,0.0,,,1.1033613467690744,0.009906824178516635,0.9473446548199103,73.29202419949222,1374.504191036048
395,highway,0,481.0,0.0,,,1.1033613467690744,0.009906824178516635,0.9473446548199103,73.29202419949222,1374.504191036048
395,highway,0,482.0,0.0,,,1.1033613467690744,0.009906824178516635,0.9473446548199103,73.29202419949222,1374.504191036048
395,highway,0,483.0,0.0,,,1.1033613467690744,0.009906824178516635,0.9473446548199103,73.29202419949222,1374.504191036048
395,highway,0,484.0,0.0,,,1.1033613467690744,0.009906824178516635,0.9473446548199103,73.29202419949222,1374.504191036048
395,highway,0,485.0,0.0,,,1.1033613467690744,0.009906824178516635,0.9473446548199103,73.29202419949222,1374.504191036048
395,highway,0,486.0,0.0,,,1.1033613467690744,0.009906824178516635,0.9473446548199103,73.29202419949222,1374.504191036048
395,highway,0,487.0,0.0,,,1.1033613467690744,0.009906824178516635,0.9473446548199103,73.29202419949222,1374.504191036048
395,highway,0,488.0,0.0,,,1.1033613467690744,0.009906824178516635,0.9473446548199103,73.29202419949222,1374.504191036048
395,highway,0,489.0,0.0,,,1.1033613467690744,0.009906824178516635,0.9473446548199103,73.29202419949222,1374.504191036048
395,highway,0,490.0,0.0,,,1.1033613467690744,0.009906824178516635,0.9473446548199103,73.29202419949222,1374.504191036048
395,highway,0,491.0,0.0,,,1.1033613467690744,0.009906824178516635,0.9473446548199103,73.29202419949222,1374.504191036048
395,highway,0,492.0,0.0,,,1.1033613467690744,0.009906824178516635,0.9473446548199103,73.29202419949222,1374.504191036048
395,highway,0,493.0,0.0,,,1.1033613467690744,0.009906824178516635,0.9473446548199103,73.29202419949222,1374.504191036048
395,highway,0,494.0,0.0,,,1.1033613467690744,0.009906824178516635,0.9473446548199103,73.29202419949222,1374.504191036048
395,highway,0,495.0,0.0,,,1.1033613467690744,0.009906824178516635,0.9473446548199103,73.29202419949222,1374.504191036048
395,highway,0,496.0,0.0,,,1.1033613467690744,0.009906824178516635,0.9473446548199103,73.29202419949222,1374.504191036048
395,highway,0,497.0,0.0,,,1.1033613467690744,0.009906824178516635,0.9473446548199103,73.29202419949222,1374.504191036048
395,highway,0,498.0,0.0,,,1.1033613467690744,0.009906824178516635,0.9473446548199103,73.29202419949222,1374.504191036048
395,highway,0,499.0,0.0,,,1.1033613467690744,0.009906824178516635,0.9473446548199103,73.29202419949222,1374.504191036048
395,highway,0,500.0,0.0,,,1.1033613467690744,0.009906824178516635,0.9473446548199103,73.29202419949222,1374.504191036048
395,highway,0,501.0,0.0,,,1.1033613467690744,0.009906824178516635,0.9473446548199103,73.29202419949222,1374.504191036048
395,highway,0,502.0,0.0,,,1.1033613467690744,0.009906824178516635,0.9473446548199103,73.29202419949222,1374.504191036048
395,highway,0,503.0,0.0,,,1.1033613467690744,0.009906824178516635,0.9473446548199103,73.29202419949222,1374.504191036048
395,highway,0,504.0,0.0,,,1.1033613467690744,0.009906824178516635,0.9473446548199103,73.29202419949222,1374.504191036048
395,highway,0,505.0,0.0,,,1.1033613467690744,0.009906824178516635,0.9473446548199103,73.29202419949222,1374.504191036048
395,highway,0,506.0,0.0,,,1.1033613467690744,0.009906824178516635,0.9473446548199103,73.29202419949222,1374.504191036048
395,highway,0,507.0,0.0,,,1.1033613467690744,0.009906824178516635,0.9473446548199103,73.29202419949222,1374.504191036048
395,highway,0,508.0,0.0,,,1.1033613467690744,0.009906824178516635,0.9473446548199103,73.29202419949222,1374.504191036048
395,highway,0,509.0,0.0,,,1.1033613467690744,0.009906824178516635,0.9473446548199103,73.29202419949222,1374.504191036048
395,highway,0,510.0,0.0,,,1.1033613467690744,0.009906824178516635,0.9473446548199103,73.29202419949222,1374.504191036048
395,highway,0,511.0,0.0,,,1.1033613467690744,0.009906824178516635,0.9473446548199103,73.29202419949222,1374.504191036048
395,highway,0,512.0,0.0,,,1.1033613467690744,0.009906824178516635,0.9473446548199103,73.29202419949222,1374.504191036048
395,highway,0,513.0,0.0,,,1.1033613467690744,0.009906824178516635,0.9473446548199103,73.29202419949222,1374.504191036048
395,highway,0,514.0,0.0,,,1.1033613467690744,0.009906824178516635,0.9473446548199103,73.29202419949222,1374.504191036048
395,highway,0,515.0,0.0,,,1.1033613467690744,0.009906824178516635,0.9473446548199103,73.29202419949222,1374.504191036048
395,highway,0,516.0,0.0,,,1.1033613467690744,0.009906824178516635,0.9473446548199103,73.29202419949222,1374.504191036048
395,highway,0,517.0,0.0,,,1.1033613467690744,0.009906824178516635,0.9473446548199103,73.29202419949222,1374.504191036048
395,highway,0,518.0,0.0,,,1.1033613467690744,0.009906824178516635,0.9473446548199103,73.29202419949222,1374.504191036048
395,highway,0,519.0,0.0,,,1.1033613467690744,0.009906824178516635,0.9473446548199103,73.29202419949222,1374.504191036048
395,highway,0,520.0,0.0,,,1.1033613467690744,0.009906824178516635,0.9473446548199103,73.29202419949222,1374.504191036048
395,highway,0,521.0,0.0,,,1.1033613467690744,0.009906824178516635,0.9473446548199103,73.29202419949222,1374.504191036048
395,highway,0,522.0,0.0,,,1.1033613467690744,0.009906824178516635,0.9473446548199103,73.29202419949222,1374.504191036048
395,highway,0,523.0,0.0,,,1.1033613467690744,0.009906824178516635,0.9473446548199103,73.29202419949222,1374.504191036048
395,highway,0,524.0,0.0,,,1.1033613467690744,0.009906824178516635,0.9473446548199103,73.29202419949222,1374.504191036048
395,highway,0,525.0,0.0,,,1.1033613467690744,0.009906824178516635,0.9473446548199103,73.29202419949222,1374.504191036048
395,highway,0,526.0,0.0,,,1.1033613467690744,0.009906824178516635,0.9473446548199103,73.29202419949222,1374.504191036048
395,highway,0,527.0,0.0,,,1.1033613467690744,0.009906824178516635,0.9473446548199103,73.29202419949222,1374.504191036048
395,highway,0,528.0,0.0,,,1.1033613467690744,0.009906824178516635,0.9473446548199103,73.29202419949222,1374.504191036048
395,highway,0,529.0,0.0,,,1.1033613467690744,0.009906824178516635,0.9473446548199103,73.29202419949222,1374.504191036048
395,highway,0,530.0,0.0,,,1.1033613467690744,0.009906824178516635,0.9473446548199103,73.29202419949222,1374.504191036048
395,highway,0,531.0,0.0,,,1.1033613467690744,0.009906824178516635,0.9473446548199103,73.29202419949222,1374.504191036048
395,highway,0,532.0,0.0,,,1.1033613467690744,0.009906824178516635,0.9473446548199103,73.29202419949222,1374.504191036048
395,highway,0,533.0,0.0,,,1.1033613467690744,0.009906824178516635,0.9473446548199103,73.29202419949222,1374.504191036048
395,highway,0,534.0,0.0,,,1.1033613467690744,0.009906824178516635,0.9473446548199103,73.29202419949222,1374.504191036048
395,highway,0,535.0,0.0,,,1.1033613467690744,0.009906824178516635,0.9473446548199103,73.29202419949222,1374.504191036048
395,highway,0,536.0,0.0,,,1.1033613467690744,0.009906824178516635,0.9473446548199103,73.29202419949222,1374.504191036048
395,highway,0,537.0,0.0,,,1.1033613467690744,0.009906824178516635,0.9473446548199103,73.29202419949222,1374.504191036048
395,highway,0,538.0,0.0,,,1.1033613467690744,0.009906824178516635,0.9473446548199103,73.29202419949222,1374.504191036048
395,highway,0,539.0,0.0,,,1.1033613467690744,0.009906824178516635,0.9473446548199103,73.29202419949222,1374.504191036048
395,highway,0,540.0,0.0,,,1.1033613467690744,0.009906824178516635,0.9473446548199103,73.29202419949222,1374.504191036048
395,highway,0,541.0,0.0,,,1.1033613467690744,0.009906824178516635,0.9473446548199103,73.29202419949222,1374.504191036048
395,highway,0,542.0,0.0,,,1.1033613467690744,0.009906824178516635,0.9473446548199103,73.29202419949222,1374.504191036048
395,highway,0,543.0,0.0,,,1.1033613467690744,0.009906824178516635,0.9473446548199103,73.29202419949222,1374.504191036048
395,highway,0,544.0,0.0,,,1.1033613467690744,0.009906824178516635,0.9473446548199103,73.29202419949222,1374.504191036048
395,highway,0,545.0,0.0,,,1.1033613467690744,0.009906824178516635,0.9473446548199103,73.29202419949222,1374.504191036048
395,highway,0,546.0,0.0,,,1.1033613467690744,0.009906824178516635,0.9473446548199103,73.29202419949222,1374.504191036048
395,highway,0,547.0,0.0,,,1.1033613467690744,0.009906824178516635,0.9473446548199103,73.29202419949222,1374.504191036048
395,highway,0,548.0,0.0,,,1.1033613467690744,0.009906824178516635,0.9473446548199103,73.29202419949222,1374.504191036048
395,highway,0,549.0,0.0,,,1.1033613467690744,0.009906824178516635,0.9473446548199103,73.29202419949222,1374.504191036048
395,highway,0,550.0,0.0,,,1.1033613467690744,0.009906824178516635,0.9473446548199103,73.29202419949222,1374.504191036048
395,highway,0,551.0,0.0,,,1.1033613467690744,0.009906824178516635,0.9473446548199103,73.29202419949222,1374.504191036048
395,highway,0,552.0,0.0,,,1.1033613467690744,0.009906824178516635,0.9473446548199103,73.29202419949222,1374.504191036048
395,highway,0,553.0,0.0,,,1.1033613467690744,0.009906824178516635,0.9473446548199103,73.29202419949222,1374.504191036048
395,highway,0,554.0,0.0,,,1.1033613467690744,0.009906824178516635,0.9473446548199103,73.29202419949222,1374.504191036048
395,highway,0,555.0,0.0,,,1.1033613467690744,0.009906824178516635,0.9473446548199103,73.29202419949222,1374.504191036048
395,highway,0,556.0,0.0,,,1.1033613467690744,0.009906824178516635,0.9473446548199103,73.29202419949222,1374.504191036048
395,highway,0,557.0,0.0,,,1.1033613467690744,0.009906824178516635,0.9473446548199103,73.29202419949222,1374.504191036048
395,highway,0,558.0,0.0,,,1.1033613467690744,0.009906824178516635,0.9473446548199103,73.29202419949222,1374.504191036048
395,highway,0,559.0,0.0,,,1.1033613467690744,0.009906824178516635,0.9473446548199103,73.29202419949222,1374.504191036048
395,highway,0,560.0,0.0,,,1.1033613467690744,0.009906824178516635,0.9473446548199103,73.29202419949222,1374.504191036048
395,highway,0,561.0,0.0,,,1.1033613467690744,0.009906824178516635,0.9473446548199103,73.29202419949222,1374.504191036048
395,highway,0,562.0,0.0,,,1.1033613467690744,0.009906824178516635,0.9473446548199103,73.29202419949222,1374.504191036048
395,highway,0,563.0,0.0,,,1.1033613467690744,0.009906824178516635,0.9473446548199103,73.29202419949222,1374.504191036048
395,highway,0,564.0,0.0,,,1.1033613467690744,0.009906824178516635,0.9473446548199103,73.29202419949222,1374.504191036048
395,highway,0,565.0,0.0,,,1.1033613467690744,0.009906824178516635,0.9473446548199103,73.29202419949222,1374.504191036048
395,highway,0,566.0,0.0,,,1.1033613467690744,0.009906824178516635,0.9473446548199103,73.29202419949222,1374.504191036048
395,highway,0,567.0,0.0,,,1.1033613467690744,0.009906824178516635,0.9473446548199103,73.29202419949222,1374.504191036048
395,highway,0,568.0,0.0,,,1.1033613467690744,0.009906824178516635,0.9473446548199103,73.29202419949222,1374.504191036048
395,highway,0,569.0,0.0,,,1.1033613467690744,0.009906824178516635,0.9473446548199103,73.29202419949222,1374.504191036048
395,highway,0,570.0,0.0,,,1.1033613467690744,0.009906824178516635,0.9473446548199103,73.29202419949222,1374.504191036048
395,highway,0,571.0,0.0,,,1.1033613467690744,0.009906824178516635,0.9473446548199103,73.29202419949222,1374.504191036048
395,highway,0,572.0,0.0,,,1.1033613467690744,0.009906824178516635,0.9473446548199103,73.29202419949222,1374.504191036048
395,highway,0,573.0,0.0,,,1.1033613467690744,0.009906824178516635,0.9473446548199103,73.29202419949222,1374.504191036048
395,highway,0,574.0,0.0,,,1.1033613467690744,0.009906824178516635,0.9473446548199103,73.29202419949222,1374.504191036048
395,highway,0,575.0,0.0,,,1.1033613467690744,0.009906824178516635,0.9473446548199103,73.29202419949222,1374.504191036048
395,highway,0,576.0,0.0,,,1.1033613467690744,0.009906824178516635,0.9473446548199103,73.29202419949222,1374.504191036048
395,highway,0,577.0,0.0,,,1.1033613467690744,0.009906824178516635,0.9473446548199103,73.29202419949222,1374.504191036048
395,highway,0,578.0,0.0,,,1.1033613467690744,0.009906824178516635,0.9473446548199103,73.29202419949222,1374.504191036048
395,highway,0,579.0,0.0,,,1.1033613467690744,0.009906824178516635,0.9473446548199103,73.29202419949222,1374.504191036048
395,highway,0,580.0,0.0,,,1.1033613467690744,0.009906824178516635,0.9473446548199103,73.29202419949222,1374.504191036048
395,highway,0,581.0,0.0,,,1.1033613467690744,0.009906824178516635,0.9473446548199103,73.29202419949222,1374.504191036048
395,highway,0,582.0,0.0,,,1.1033613467690744,0.009906824178516635,0.9473446548199103,73.29202419949222,1374.504191036048
395,highway,0,583.0,0.0,,,1.1033613467690744,0.009906824178516635,0.9473446548199103,73.29202419949222,1374.504191036048
395,highway,0,584.0,0.0,,,1.1033613467690744,0.009906824178516635,0.9473446548199103,73.29202419949222,1374.504191036048
395,highway,0,585.0,0.0,,,1.1033613467690744,0.009906824178516635,0.9473446548199103,73.29202419949222,1374.504191036048
395,highway,0,586.0,0.0,,,1.1033613467690744,0.009906824178516635,0.9473446548199103,73.29202419949222,1374.504191036048
395,highway,0,587.0,0.0,,,1.1033613467690744,0.009906824178516635,0.9473446548199103,73.29202419949222,1374.504191036048
395,highway,0,588.0,0.0,,,1.1033613467690744,0.009906824178516635,0.9473446548199103,73.29202419949222,1374.504191036048
395,highway,0,589.0,0.0,,,1.1033613467690744,0.009906824178516635,0.9473446548199103,73.29202419949222,1374.504191036048
395,highway,0,590.0,0.0,,,1.1033613467690744,0.009906824178516635,0.9473446548199103,73.29202419949222,1374.504191036048
395,highway,0,591.0,0.0,,,1.1033613467690744,0.009906824178516635,0.9473446548199103,73.29202419949222,1374.504191036048
395,highway,0,592.0,0.0,,,1.1033613467690744,0.009906824178516635,0.9473446548199103,73.29202419949222,1374.504191036048
395,highway,0,593.0,0.0,,,1.1033613467690744,0.009906824178516635,0.9473446548199103,73.29202419949222,1374.504191036048
395,highway,0,594.0,0.0,,,1.1033613467690744,0.009906824178516635,0.9473446548199103,73.29202419949222,1374.504191036048
395,highway,0,595.0,0.0,,,1.1033613467690744,0.009906824178516635,0.9473446548199103,73.29202419949222,1374.504191036048
395,highway,0,596.0,0.0,,,1.1033613467690744,0.009906824178516635,0.9473446548199103,73.29202419949222,1374.504191036048
395,highway,0,597.0,0.0,,,1.1033613467690744,0.009906824178516635,0.9473446548199103,73.29202419949222,1374.504191036048
395,highway,0,598.0,0.0,,,1.1033613467690744,0.009906824178516635,0.9473446548199103,73.29202419949222,1374.504191036048
395,highway,0,599.0,0.0,,,1.1033613467690744,0.009906824178516635,0.9473446548199103,73.29202419949222,1374.504191036048
395,highway,0,600.0,0.0,,,1.1033613467690744,0.009906824178516635,0.9473446548199103,73.29202419949222,1374.504191036048
395,highway,0,601.0,0.0,,,1.1033613467690744,0.009906824178516635,0.9473446548199103,73.29202419949222,1374.504191036048
395,highway,0,602.0,0.0,,,1.1033613467690744,0.009906824178516635,0.9473446548199103,73.29202419949222,1374.504191036048
395,highway,0,603.0,0.0,,,1.1033613467690744,0.009906824178516635,0.9473446548199103,73.29202419949222,1374.504191036048
395,highway,0,604.0,0.0,,,1.1033613467690744,0.009906824178516635,0.9473446548199103,73.29202419949222,1374.504191036048
395,highway,0,605.0,0.0,,,1.1033613467690744,0.009906824178516635,0.9473446548199103,73.29202419949222,1374.504191036048
395,highway,0,606.0,0.0,,,1.1033613467690744,0.009906824178516635,0.9473446548199103,73.29202419949222,1374.504191036048
395,highway,0,607.0,0.0,,,1.1033613467690744,0.009906824178516635,0.9473446548199103,73.29202419949222,1374.504191036048
395,highway,0,608.0,0.0,,,1.1033613467690744,0.009906824178516635,0.9473446548199103,73.29202419949222,1374.504191036048
395,highway,0,609.0,0.0,,,1.1033613467690744,0.009906824178516635,0.9473446548199103,73.29202419949222,1374.504191036048
395,highway,0,610.0,0.0,,,1.1033613467690744,0.009906824178516635,0.9473446548199103,73.29202419949222,1374.504191036048
395,highway,0,611.0,0.0,,,1.1033613467690744,0.009906824178516635,0.9473446548199103,73.29202419949222,1374.504191036048
395,highway,0,612.0,0.0,,,1.1033613467690744,0.009906824178516635,0.9473446548199103,73.29202419949222,1374.504191036048
395,highway,0,613.0,0.0,,,1.1033613467690744,0.009906824178516635,0.9473446548199103,73.29202419949222,1374.504191036048
395,highway,0,614.0,0.0,,,1.1033613467690744,0.009906824178516635,0.9473446548199103,73.29202419949222,1374.504191036048
395,highway,0,615.0,0.0,,,1.1033613467690744,0.009906824178516635,0.9473446548199103,73.29202419949222,1374.504191036048
395,highway,0,616.0,0.0,,,1.1033613467690744,0.009906824178516635,0.9473446548199103,73.29202419949222,1374.504191036048
395,highway,0,617.0,0.0,,,1.1033613467690744,0.009906824178516635,0.9473446548199103,73.29202419949222,1374.504191036048
395,highway,0,618.0,0.0,,,1.1033613467690744,0.009906824178516635,0.9473446548199103,73.29202419949222,1374.504191036048
395,highway,0,619.0,0.0,,,1.1033613467690744,0.009906824178516635,0.9473446548199103,73.29202419949222,1374.504191036048
395,highway,0,620.0,0.0,,,1.1033613467690744,0.009906824178516635,0.9473446548199103,73.29202419949222,1374.504191036048
395,highway,0,621.0,0.0,,,1.1033613467690744,0.009906824178516635,0.9473446548199103,73.29202419949222,1374.504191036048
395,highway,0,622.0,0.0,,,1.1033613467690744,0.009906824178516635,0.9473446548199103,73.29202419949222,1374.504191036048
395,highway,0,623.0,0.0,,,1.1033613467690744,0.009906824178516635,0.9473446548199103,73.29202419949222,1374.504191036048
395,highway,0,624.0,0.0,,,1.1033613467690744,0.009906824178516635,0.9473446548199103,73.29202419949222,1374.504191036048
395,highway,0,625.0,0.0,,,1.1033613467690744,0.009906824178516635,0.9473446548199103,73.29202419949222,1374.504191036048
395,highway,0,626.0,0.0,,,1.1033613467690744,0.009906824178516635,0.9473446548199103,73.29202419949222,1374.504191036048
395,highway,0,627.0,0.0,,,1.1033613467690744,0.009906824178516635,0.9473446548199103,73.29202419949222,1374.504191036048
395,highway,0,628.0,0.0,,,1.1033613467690744,0.009906824178516635,0.9473446548199103,73.29202419949222,1374.504191036048
395,highway,0,629.0,0.0,,,1.1033613467690744,0.009906824178516635,0.9473446548199103,73.29202419949222,1374.504191036048
395,highway,0,630.0,0.0,,,1.1033613467690744,0.009906824178516635,0.9473446548199103,73.29202419949222,1374.504191036048
395,highway,0,631.0,0.0,,,1.1033613467690744,0.009906824178516635,0.9473446548199103,73.29202419949222,1374.504191036048
395,highway,0,632.0,0.0,,,1.1033613467690744,0.009906824178516635,0.9473446548199103,73.29202419949222,1374.504191036048
395,highway,0,633.0,0.0,,,1.1033613467690744,0.009906824178516635,0.9473446548199103,73.29202419949222,1374.504191036048
395,highway,0,634.0,0.0,,,1.1033613467690744,0.009906824178516635,0.9473446548199103,73.29202419949222,1374.504191036048
395,highway,0,635.0,0.0,,,1.1033613467690744,0.009906824178516635,0.9473446548199103,73.29202419949222,1374.504191036048
395,highway,0,636.0,0.0,,,1.1033613467690744,0.009906824178516635,0.9473446548199103,73.29202419949222,1374.504191036048
395,highway,0,637.0,0.0,,,1.1033613467690744,0.009906824178516635,0.9473446548199103,73.29202419949222,1374.504191036048
395,highway,0,638.0,0.0,,,1.1033613467690744,0.009906824178516635,0.9473446548199103,73.29202419949222,1374.504191036048
395,highway,0,639.0,0.0,,,1.1033613467690744,0.009906824178516635,0.9473446548199103,73.29202419949222,1374.504191036048
395,highway,0,640.0,0.0,,,1.1033613467690744,0.009906824178516635,0.9473446548199103,73.29202419949222,1374.504191036048
395,highway,0,641.0,0.0,,,1.1033613467690744,0.009906824178516635,0.9473446548199103,73.29202419949222,1374.504191036048
395,highway,0,642.0,0.0,,,1.1033613467690744,0.009906824178516635,0.9473446548199103,73.29202419949222,1374.504191036048
395,highway,0,643.0,0.0,,,1.1033613467690744,0.009906824178516635,0.9473446548199103,73.29202419949222,1374.504191036048
395,highway,0,644.0,0.0,,,1.1033613467690744,0.009906824178516635,0.9473446548199103,73.29202419949222,1374.504191036048
395,highway,0,645.0,0.0,,,1.1033613467690744,0.009906824178516635,0.9473446548199103,73.29202419949222,1374.504191036048
395,highway,0,646.0,0.0,,,1.1033613467690744,0.009906824178516635,0.9473446548199103,73.29202419949222,1374.504191036048
395,highway,0,647.0,0.0,,,1.1033613467690744,0.009906824178516635,0.9473446548199103,73.29202419949222,1374.504191036048
395,highway,0,648.0,0.0,,,1.1033613467690744,0.009906824178516635,0.9473446548199103,73.29202419949222,1374.504191036048
395,highway,0,649.0,0.0,,,1.1033613467690744,0.009906824178516635,0.9473446548199103,73.29202419949222,1374.504191036048
395,highway,0,650.0,0.0,,,1.1033613467690744,0.009906824178516635,0.9473446548199103,73.29202419949222,1374.504191036048
395,highway,0,651.0,0.0,,,1.1033613467690744,0.009906824178516635,0.9473446548199103,73.29202419949222,1374.504191036048
395,highway,0,652.0,0.0,,,1.1033613467690744,0.009906824178516635,0.9473446548199103,73.29202419949222,1374.504191036048
395,highway,0,653.0,0.0,,,1.1033613467690744,0.009906824178516635,0.9473446548199103,73.29202419949222,1374.504191036048
395,highway,0,654.0,0.0,,,1.1033613467690744,0.009906824178516635,0.9473446548199103,73.29202419949222,1374.504191036048
395,highway,0,655.0,0.0,,,1.1033613467690744,0.009906824178516635,0.9473446548199103,73.29202419949222,1374.504191036048
395,highway,0,656.0,0.0,,,1.1033613467690744,0.009906824178516635,0.9473446548199103,73.29202419949222,1374.504191036048
395,highway,0,657.0,0.0,,,1.1033613467690744,0.009906824178516635,0.9473446548199103,73.29202419949222,1374.504191036048
395,highway,0,658.0,0.0,,,1.1033613467690744,0.009906824178516635,0.9473446548199103,73.29202419949222,1374.504191036048
395,highway,0,659.0,0.0,,,1.1033613467690744,0.009906824178516635,0.9473446548199103,73.29202419949222,1374.504191036048
395,highway,0,660.0,0.0,,,1.1033613467690744,0.009906824178516635,0.9473446548199103,73.29202419949222,1374.504191036048
395,highway,0,661.0,0.0,,,1.1033613467690744,0.009906824178516635,0.9473446548199103,73.29202419949222,1374.504191036048
395,highway,0,662.0,0.0,,,1.1033613467690744,0.009906824178516635,0.9473446548199103,73.29202419949222,1374.504191036048
395,highway,0,663.0,0.0,,,1.1033613467690744,0.009906824178516635,0.9473446548199103,73.29202419949222,1374.504191036048
395,highway,0,664.0,0.0,,,1.1033613467690744,0.009906824178516635,0.9473446548199103,73.29202419949222,1374.504191036048
395,highway,0,665.0,0.0,,,1.1033613467690744,0.009906824178516635,0.9473446548199103,73.29202419949222,1374.504191036048
395,highway,0,666.0,0.0,,,1.1033613467690744,0.009906824178516635,0.9473446548199103,73.29202419949222,1374.504191036048
395,highway,0,667.0,0.0,,,1.1033613467690744,0.009906824178516635,0.9473446548199103,73.29202419949222,1374.504191036048
395,highway,0,668.0,0.0,,,1.1033613467690744,0.009906824178516635,0.9473446548199103,73.29202419949222,1374.504191036048
395,highway,0,669.0,0.0,,,1.1033613467690744,0.009906824178516635,0.9473446548199103,73.29202419949222,1374.504191036048
395,highway,0,670.0,0.0,,,1.1033613467690744,0.009906824178516635,0.9473446548199103,73.29202419949222,1374.504191036048
395,highway,0,671.0,0.0,,,1.1033613467690744,0.009906824178516635,0.9473446548199103,73.29202419949222,1374.504191036048
395,highway,0,672.0,0.0,,,1.1033613467690744,0.009906824178516635,0.9473446548199103,73.29202419949222,1374.504191036048
395,highway,0,673.0,0.0,,,1.1033613467690744,0.009906824178516635,0.9473446548199103,73.29202419949222,1374.504191036048
395,highway,0,674.0,0.0,,,1.1033613467690744,0.009906824178516635,0.9473446548199103,73.29202419949222,1374.504191036048
395,highway,0,675.0,0.0,,,1.1033613467690744,0.009906824178516635,0.9473446548199103,73.29202419949222,1374.504191036048
395,highway,0,676.0,0.0,,,1.1033613467690744,0.009906824178516635,0.9473446548199103,73.29202419949222,1374.504191036048
395,highway,0,677.0,0.0,,,1.1033613467690744,0.009906824178516635,0.9473446548199103,73.29202419949222,1374.504191036048
395,highway,0,678.0,0.0,,,1.1033613467690744,0.009906824178516635,0.9473446548199103,73.29202419949222,1374.504191036048
395,highway,0,679.0,0.0,,,1.1033613467690744,0.009906824178516635,0.9473446548199103,73.29202419949222,1374.504191036048
395,highway,0,680.0,0.0,,,1.1033613467690744,0.009906824178516635,0.9473446548199103,73.29202419949222,1374.504191036048
395,highway,0,681.0,0.0,,,1.1033613467690744,0.009906824178516635,0.9473446548199103,73.29202419949222,1374.504191036048
395,highway,0,682.0,0.0,,,1.1033613467690744,0.009906824178516635,0.9473446548199103,73.29202419949222,1374.504191036048
395,highway,0,683.0,0.0,,,1.1033613467690744,0.009906824178516635,0.9473446548199103,73.29202419949222,1374.504191036048
395,highway,0,684.0,0.0,,,1.1033613467690744,0.009906824178516635,0.9473446548199103,73.29202419949222,1374.504191036048
395,highway,0,685.0,0.0,,,1.1033613467690744,0.009906824178516635,0.9473446548199103,73.29202419949222,1374.504191036048
395,highway,0,686.0,0.0,,,1.1033613467690744,0.009906824178516635,0.9473446548199103,73.29202419949222,1374.504191036048
395,highway,0,687.0,0.0,,,1.1033613467690744,0.009906824178516635,0.9473446548199103,73.29202419949222,1374.504191036048
395,highway,0,688.0,0.0,,,1.1033613467690744,0.009906824178516635,0.9473446548199103,73.29202419949222,1374.504191036048
395,highway,0,689.0,0.0,,,1.1033613467690744,0.009906824178516635,0.9473446548199103,73.29202419949222,1374.504191036048
395,highway,0,690.0,0.0,,,1.1033613467690744,0.009906824178516635,0.9473446548199103,73.29202419949222,1374.504191036048
395,highway,0,691.0,0.0,,,1.1033613467690744,0.009906824178516635,0.9473446548199103,73.29202419949222,1374.504191036048
395,highway,0,692.0,0.0,,,1.1033613467690744,0.009906824178516635,0.9473446548199103,73.29202419949222,1374.504191036048
395,highway,0,693.0,0.0,,,1.1033613467690744,0.009906824178516635,0.9473446548199103,73.29202419949222,1374.504191036048
395,highway,0,694.0,0.0,,,1.1033613467690744,0.009906824178516635,0.9473446548199103,73.29202419949222,1374.504191036048
395,highway,0,695.0,0.0,,,1.1033613467690744,0.009906824178516635,0.9473446548199103,73.29202419949222,1374.504191036048
395,highway,0,696.0,0.0,,,1.1033613467690744,0.009906824178516635,0.9473446548199103,73.29202419949222,1374.504191036048
395,highway,0,697.0,0.0,,,1.1033613467690744,0.009906824178516635,0.9473446548199103,73.29202419949222,1374.504191036048
395,highway,0,698.0,0.0,,,1.1033613467690744,0.009906824178516635,0.9473446548199103,73.29202419949222,1374.504191036048
395,highway,0,699.0,0.0,,,1.1033613467690744,0.009906824178516635,0.9473446548199103,73.29202419949222,1374.504191036048
395,highway,0,700.0,0.0,,,1.1033613467690744,0.009906824178516635,0.9473446548199103,73.29202419949222,1374.504191036048
395,highway,0,701.0,0.0,,,1.1033613467690744,0.009906824178516635,0.9473446548199103,73.29202419949222,1374.504191036048
395,highway,0,702.0,0.0,,,1.1033613467690744,0.009906824178516635,0.9473446548199103,73.29202419949222,1374.504191036048
395,highway,0,703.0,0.0,,,1.1033613467690744,0.009906824178516635,0.9473446548199103,73.29202419949222,1374.504191036048
395,highway,0,704.0,0.0,,,1.1033613467690744,0.009906824178516635,0.9473446548199103,73.29202419949222,1374.504191036048
395,highway,0,705.0,0.0,,,1.1033613467690744,0.009906824178516635,0.9473446548199103,73.29202419949222,1374.504191036048
395,highway,0,706.0,0.0,,,1.1033613467690744,0.009906824178516635,0.9473446548199103,73.29202419949222,1374.504191036048
395,highway,0,707.0,0.0,,,1.1033613467690744,0.009906824178516635,0.9473446548199103,73.29202419949222,1374.504191036048
395,highway,0,708.0,0.0,,,1.1033613467690744,0.009906824178516635,0.9473446548199103,73.29202419949222,1374.504191036048
395,highway,0,709.0,0.0,,,1.1033613467690744,0.009906824178516635,0.9473446548199103,73.29202419949222,1374.504191036048
395,highway,0,710.0,0.0,,,1.1033613467690744,0.009906824178516635,0.9473446548199103,73.29202419949222,1374.504191036048
395,highway,0,711.0,0.0,,,1.1033613467690744,0.009906824178516635,0.9473446548199103,73.29202419949222,1374.504191036048
395,highway,0,712.0,0.0,,,1.1033613467690744,0.009906824178516635,0.9473446548199103,73.29202419949222,1374.504191036048
395,highway,0,713.0,0.0,,,1.1033613467690744,0.009906824178516635,0.9473446548199103,73.29202419949222,1374.504191036048
395,highway,0,714.0,0.0,,,1.1033613467690744,0.009906824178516635,0.9473446548199103,73.29202419949222,1374.504191036048
395,highway,0,715.0,0.0,,,1.1033613467690744,0.009906824178516635,0.9473446548199103,73.29202419949222,1374.504191036048
395,highway,0,716.0,0.0,,,1.1033613467690744,0.009906824178516635,0.9473446548199103,73.29202419949222,1374.504191036048
395,highway,0,717.0,0.0,,,1.1033613467690744,0.009906824178516635,0.9473446548199103,73.29202419949222,1374.504191036048
395,highway,0,718.0,0.0,,,1.1033613467690744,0.009906824178516635,0.9473446548199103,73.29202419949222,1374.504191036048
395,highway,0,719.0,0.0,,,1.1033613467690744,0.009906824178516635,0.9473446548199103,73.29202419949222,1374.504191036048
395,highway,0,720.0,0.0,,,1.1033613467690744,0.009906824178516635,0.9473446548199103,73.29202419949222,1374.504191036048
395,highway,0,721.0,0.0,,,1.1033613467690744,0.009906824178516635,0.9473446548199103,73.29202419949222,1374.504191036048
395,highway,0,722.0,0.0,,,1.1033613467690744,0.009906824178516635,0.9473446548199103,73.29202419949222,1374.504191036048
395,highway,0,723.0,0.0,,,1.1033613467690744,0.009906824178516635,0.9473446548199103,73.29202419949222,1374.504191036048
395,highway,0,724.0,0.0,,,1.1033613467690744,0.009906824178516635,0.9473446548199103,73.29202419949222,1374.504191036048
395,highway,0,725.0,0.0,,,1.1033613467690744,0.009906824178516635,0.9473446548199103,73.29202419949222,1374.504191036048
395,highway,0,726.0,0.0,,,1.1033613467690744,0.009906824178516635,0.9473446548199103,73.29202419949222,1374.504191036048
395,highway,0,727.0,0.0,,,1.1033613467690744,0.009906824178516635,0.9473446548199103,73.29202419949222,1374.504191036048
395,highway,0,728.0,0.0,,,1.1033613467690744,0.009906824178516635,0.9473446548199103,73.29202419949222,1374.504191036048
395,highway,0,729.0,0.0,,,1.1033613467690744,0.009906824178516635,0.9473446548199103,73.29202419949222,1374.504191036048
395,highway,0,730.0,0.0,,,1.1033613467690744,0.009906824178516635,0.9473446548199103,73.29202419949222,1374.504191036048
395,highway,0,731.0,0.0,,,1.1033613467690744,0.009906824178516635,0.9473446548199103,73.29202419949222,1374.504191036048
395,highway,0,732.0,0.0,,,1.1033613467690744,0.009906824178516635,0.9473446548199103,73.29202419949222,1374.504191036048
395,highway,0,733.0,0.0,,,1.1033613467690744,0.009906824178516635,0.9473446548199103,73.29202419949222,1374.504191036048
395,highway,0,734.0,0.0,,,1.1033613467690744,0.009906824178516635,0.9473446548199103,73.29202419949222,1374.504191036048
395,highway,0,735.0,0.0,,,1.1033613467690744,0.009906824178516635,0.9473446548199103,73.29202419949222,1374.504191036048
395,highway,0,736.0,0.0,,,1.1033613467690744,0.009906824178516635,0.9473446548199103,73.29202419949222,1374.504191036048
395,highway,0,737.0,0.0,,,1.1033613467690744,0.009906824178516635,0.9473446548199103,73.29202419949222,1374.504191036048
395,highway,0,738.0,0.0,,,1.1033613467690744,0.009906824178516635,0.9473446548199103,73.29202419949222,1374.504191036048
395,highway,0,739.0,0.0,,,1.1033613467690744,0.009906824178516635,0.9473446548199103,73.29202419949222,1374.504191036048
395,highway,0,740.0,0.0,,,1.1033613467690744,0.009906824178516635,0.9473446548199103,73.29202419949222,1374.504191036048
395,highway,0,741.0,0.0,,,1.1033613467690744,0.009906824178516635,0.9473446548199103,73.29202419949222,1374.504191036048
395,highway,0,742.0,0.0,,,1.1033613467690744,0.009906824178516635,0.9473446548199103,73.29202419949222,1374.504191036048
395,highway,0,743.0,0.0,,,1.1033613467690744,0.009906824178516635,0.9473446548199103,73.29202419949222,1374.504191036048
395,highway,0,744.0,0.0,,,1.1033613467690744,0.009906824178516635,0.9473446548199103,73.29202419949222,1374.504191036048
395,highway,0,745.0,0.0,,,1.1033613467690744,0.009906824178516635,0.9473446548199103,73.29202419949222,1374.504191036048
395,highway,0,746.0,0.0,,,1.1033613467690744,0.009906824178516635,0.9473446548199103,73.29202419949222,1374.504191036048
395,highway,0,747.0,0.0,,,1.1033613467690744,0.009906824178516635,0.9473446548199103,73.29202419949222,1374.504191036048
395,highway,0,748.0,0.0,,,1.1033613467690744,0.009906824178516635,0.9473446548199103,73.29202419949222,1374.504191036048
395,highway,0,749.0,0.0,,,1.1033613467690744,0.009906824178516635,0.9473446548199103,73.29202419949222,1374.504191036048
395,highway,0,750.0,0.0,,,1.1033613467690744,0.009906824178516635,0.9473446548199103,73.29202419949222,1374.504191036048
395,highway,0,751.0,0.0,,,1.1033613467690744,0.009906824178516635,0.9473446548199103,73.29202419949222,1374.504191036048
395,highway,0,752.0,0.0,,,1.1033613467690744,0.009906824178516635,0.9473446548199103,73.29202419949222,1374.504191036048
395,highway,0,753.0,0.0,,,1.1033613467690744,0.009906824178516635,0.9473446548199103,73.29202419949222,1374.504191036048
395,highway,0,754.0,0.0,,,1.1033613467690744,0.009906824178516635,0.9473446548199103,73.29202419949222,1374.504191036048
395,highway,0,755.0,0.0,,,1.1033613467690744,0.009906824178516635,0.9473446548199103,73.29202419949222,1374.504191036048
395,highway,0,756.0,0.0,,,1.1033613467690744,0.009906824178516635,0.9473446548199103,73.29202419949222,1374.504191036048
395,highway,0,757.0,0.0,,,1.1033613467690744,0.009906824178516635,0.9473446548199103,73.29202419949222,1374.504191036048
395,highway,0,758.0,0.0,,,1.1033613467690744,0.009906824178516635,0.9473446548199103,73.29202419949222,1374.504191036048
395,highway,0,759.0,0.0,,,1.1033613467690744,0.009906824178516635,0.9473446548199103,73.29202419949222,1374.504191036048
395,highway,0,760.0,0.0,,,1.1033613467690744,0.009906824178516635,0.9473446548199103,73.29202419949222,1374.504191036048
395,highway,0,761.0,0.0,,,1.1033613467690744,0.009906824178516635,0.9473446548199103,73.29202419949222,1374.504191036048
395,highway,0,762.0,0.0,,,1.1033613467690744,0.009906824178516635,0.9473446548199103,73.29202419949222,1374.504191036048
395,highway,0,763.0,0.0,,,1.1033613467690744,0.009906824178516635,0.9473446548199103,73.29202419949222,1374.504191036048
395,highway,0,764.0,0.0,,,1.1033613467690744,0.009906824178516635,0.9473446548199103,73.29202419949222,1374.504191036048
395,highway,0,765.0,0.0,,,1.1033613467690744,0.009906824178516635,0.9473446548199103,73.29202419949222,1374.504191036048
395,highway,0,766.0,0.0,,,1.1033613467690744,0.009906824178516635,0.9473446548199103,73.29202419949222,1374.504191036048
395,highway,0,767.0,0.0,,,1.1033613467690744,0.009906824178516635,0.9473446548199103,73.29202419949222,1374.504191036048
395,highway,0,768.0,0.0,,,1.1033613467690744,0.009906824178516635,0.9473446548199103,73.29202419949222,1374.504191036048
395,highway,0,769.0,0.0,,,1.1033613467690744,0.009906824178516635,0.9473446548199103,73.29202419949222,1374.504191036048
395,highway,0,770.0,0.0,,,1.1033613467690744,0.009906824178516635,0.9473446548199103,73.29202419949222,1374.504191036048
395,highway,0,771.0,0.0,,,1.1033613467690744,0.009906824178516635,0.9473446548199103,73.29202419949222,1374.504191036048
395,highway,0,772.0,0.0,,,1.1033613467690744,0.009906824178516635,0.9473446548199103,73.29202419949222,1374.504191036048
395,highway,0,773.0,0.0,,,1.1033613467690744,0.009906824178516635,0.9473446548199103,73.29202419949222,1374.504191036048
395,highway,0,774.0,0.0,,,1.1033613467690744,0.009906824178516635,0.9473446548199103,73.29202419949222,1374.504191036048
395,highway,0,775.0,0.0,,,1.1033613467690744,0.009906824178516635,0.9473446548199103,73.29202419949222,1374.504191036048
395,highway,0,776.0,0.0,,,1.1033613467690744,0.009906824178516635,0.9473446548199103,73.29202419949222,1374.504191036048
395,highway,0,777.0,0.0,,,1.1033613467690744,0.009906824178516635,0.9473446548199103,73.29202419949222,1374.504191036048
395,highway,0,778.0,0.0,,,1.1033613467690744,0.009906824178516635,0.9473446548199103,73.29202419949222,1374.504191036048
395,highway,0,779.0,0.0,,,1.1033613467690744,0.009906824178516635,0.9473446548199103,73.29202419949222,1374.504191036048
395,highway,0,780.0,0.0,,,1.1033613467690744,0.009906824178516635,0.9473446548199103,73.29202419949222,1374.504191036048
395,highway,0,781.0,0.0,,,1.1033613467690744,0.009906824178516635,0.9473446548199103,73.29202419949222,1374.504191036048
395,highway,0,782.0,0.0,,,1.1033613467690744,0.009906824178516635,0.9473446548199103,73.29202419949222,1374.504191036048
395,highway,0,783.0,0.0,,,1.1033613467690744,0.009906824178516635,0.9473446548199103,73.29202419949222,1374.504191036048
395,highway,0,784.0,0.0,,,1.1033613467690744,0.009906824178516635,0.9473446548199103,73.29202419949222,1374.504191036048
395,highway,0,785.0,0.0,,,1.1033613467690744,0.009906824178516635,0.9473446548199103,73.29202419949222,1374.504191036048
395,highway,0,786.0,0.0,,,1.1033613467690744,0.009906824178516635,0.9473446548199103,73.29202419949222,1374.504191036048
395,highway,0,787.0,0.0,,,1.1033613467690744,0.009906824178516635,0.9473446548199103,73.29202419949222,1374.504191036048
395,highway,0,788.0,0.0,,,1.1033613467690744,0.009906824178516635,0.9473446548199103,73.29202419949222,1374.504191036048
