cycle_id,file,type,base_cycle,mean_v,max_v,mean_P_kW,max_P_kW
0,udds_aug_0000.csv,real_aug,udds,9.244583522459488,26.932033834472076,5.425528681642301,35.594784989805085
1,udds_aug_0001.csv,real_aug,udds,7.012971001173082,20.464523662104476,3.6213558177327045,22.037072462954672
2,udds_aug_0002.csv,real_aug,udds,7.977906833373747,23.267094326926795,4.366124121936337,30.295797525366332
3,udds_aug_0003.csv,real_aug,udds,8.605812871771755,25.01753433585539,5.720377226640042,36.586181788301104
4,udds_aug_0004.csv,real_aug,udds,10.390411345122198,30.230614838324,6.631205555235862,47.103664476625106
5,udds_aug_0005.csv,real_aug,udds,9.937198586196704,28.891662509046533,6.931800216584438,48.24438361281128
6,udds_aug_0006.csv,real_aug,udds,9.794169379052216,28.447823553529723,6.2864335160212,48.1059665267036
7,udds_aug_0007.csv,real_aug,udds,10.46578614822406,30.504750212449846,7.250532821095476,53.04692595758351
8,udds_aug_0008.csv,real_aug,udds,7.8569643744864415,22.97839765875011,4.250036444156745,23.537956711349334
9,udds_aug_0009.csv,real_aug,udds,7.99703290293558,23.337460192390598,4.396619460340258,27.902023818635993
10,udds_aug_0010.csv,real_aug,udds,8.421211415357071,24.559274799557098,4.5991771569650215,27.497633929578253
11,udds_aug_0011.csv,real_aug,udds,9.945988808834727,28.901790295911738,5.613017385012041,41.50865300293874
12,udds_aug_0012.csv,real_aug,udds,9.019475425960003,26.245745160264494,5.591445957927006,38.24119188042019
13,udds_aug_0013.csv,real_aug,udds,10.079541594676629,29.22931265750402,5.776305010384269,42.901321807950985
14,udds_aug_0014.csv,real_aug,udds,8.136042712440522,23.658462371028413,4.261920125280301,24.931629550443322
15,udds_aug_0015.csv,real_aug,udds,10.00966517457714,29.035188999121495,5.897804148210894,43.40186259814719
16,udds_aug_0016.csv,real_aug,udds,8.90539040888763,25.97277018549677,5.676798366798185,34.16845932095897
17,udds_aug_0017.csv,real_aug,udds,10.339521594993471,30.0439544875023,6.292999302350981,45.761088481319305
18,udds_aug_0018.csv,real_aug,udds,9.107196637077275,26.496731857068017,4.644007480215803,31.374195413995434
19,udds_aug_0019.csv,real_aug,udds,9.090430252635205,26.426077093640956,5.510582868448668,34.460140114414315
20,udds_aug_0020.csv,real_aug,udds,10.336409935500837,30.19396310502367,6.567593882252899,41.3990738646705
21,udds_aug_0021.csv,real_aug,udds,7.485838814242253,21.761433385661046,3.895719516359394,23.44319216537848
22,udds_aug_0022.csv,real_aug,udds,10.282481719728635,29.97236048147938,7.8046298962698355,53.49223495335635
23,udds_aug_0023.csv,real_aug,udds,9.833053368395,28.554464075237757,5.6209292745711545,36.768309154231794
24,udds_aug_0024.csv,real_aug,udds,9.469373981476474,27.59985012694188,5.441485955304469,39.19679595700859
25,udds_aug_0025.csv,real_aug,udds,8.609093718971875,25.06262488303337,5.428371911832668,36.360829972066284
26,udds_aug_0026.csv,real_aug,udds,7.513583043235337,21.87248073256271,4.8425958924865,29.37164128406773
27,udds_aug_0027.csv,real_aug,udds,9.734954162346261,28.391101674296294,5.711927762145623,36.71351193519726
28,udds_aug_0028.csv,real_aug,udds,8.276685237396508,24.225073317973884,4.2225282525308145,27.923965703452282
29,udds_aug_0029.csv,real_aug,udds,7.5689694144290405,22.086960686685273,4.212152088737538,29.22806822961182
30,udds_aug_0030.csv,real_aug,udds,10.374961707270414,30.13993489213014,5.9346803472706045,44.05473083287594
31,udds_aug_0031.csv,real_aug,udds,9.650159380613243,27.984744258807247,5.396384057471129,38.88409169556423
32,udds_aug_0032.csv,real_aug,udds,8.43974609895385,24.47134517667863,4.562461075253448,29.65261693319742
33,udds_aug_0033.csv,real_aug,udds,9.210306517451988,26.908310443651036,4.857894421647553,34.17762262240055
34,udds_aug_0034.csv,real_aug,udds,9.996653700197912,29.13918439504174,5.848706089817067,39.30352503576895
35,udds_aug_0035.csv,real_aug,udds,7.6307538179653305,22.2400650939514,3.6263378652916565,22.588406348883552
36,udds_aug_0036.csv,real_aug,udds,10.303509795135652,30.03033967479908,5.766087404829638,41.98042715972426
37,udds_aug_0037.csv,real_aug,udds,7.23506172485222,21.08523118065237,3.033475301401645,20.367676820939483
38,udds_aug_0038.csv,real_aug,udds,7.4236932185381495,21.617965152867033,3.5140682592701378,22.52493801630421
39,udds_aug_0039.csv,real_aug,udds,7.926277099066474,23.00539818854332,3.365531512625794,21.674281483913877
40,udds_aug_0040.csv,real_aug,udds,8.726674792886628,25.430898435257742,5.379236852128909,38.735269822451585
41,udds_aug_0041.csv,real_aug,udds,10.33225894158573,30.102427339584935,6.233252845645569,40.48666416307758
42,udds_aug_0042.csv,real_aug,udds,7.183607577934343,20.86000068242841,3.4672691881527546,23.26918131116907
43,udds_aug_0043.csv,real_aug,udds,7.330247376430419,21.270213090296302,4.61024272596659,28.75512464882904
44,udds_aug_0044.csv,real_aug,udds,9.80638221674035,28.64021383727135,5.913418605787381,40.73697665522705
45,udds_aug_0045.csv,real_aug,udds,9.598936474563855,27.814598810857543,6.114637517968541,41.14265370523446
46,udds_aug_0046.csv,real_aug,udds,9.350258763291704,27.24322903044562,6.082515092570819,41.821951040271045
47,udds_aug_0047.csv,real_aug,udds,8.315833526645529,24.240750569075878,4.530909726678175,33.32016095702837
48,udds_aug_0048.csv,real_aug,udds,10.213149332459796,29.73673194664796,6.105062169744698,38.06557464445993
49,udds_aug_0049.csv,real_aug,udds,7.505198182004356,21.74238758479348,3.364985108402043,24.33110948536712
50,udds_aug_0050.csv,real_aug,udds,8.094169137571132,23.631812475125386,3.7570541773783233,24.400477198579534
51,udds_aug_0051.csv,real_aug,udds,7.432142895461417,21.630147338862002,3.2040604524673477,22.652164900439903
52,udds_aug_0052.csv,real_aug,udds,7.536200289252153,22.01804123171541,3.8819659692626867,23.888016595705977
53,udds_aug_0053.csv,real_aug,udds,7.752580177005854,22.65629429503635,4.001243605816405,25.833377675456195
54,udds_aug_0054.csv,real_aug,udds,8.68437112525106,25.144286965538306,5.413574170490864,35.1024864107405
55,udds_aug_0055.csv,real_aug,udds,7.127176236798205,20.710812752748602,4.012167540386474,26.73843569478835
56,udds_aug_0056.csv,real_aug,udds,10.398911062189615,30.30310708362589,7.584474125319896,50.73955874686906
57,udds_aug_0057.csv,real_aug,udds,7.610338252444735,22.182548390412453,4.395368006905604,28.148217040843573
58,udds_aug_0058.csv,real_aug,udds,8.971405269908932,26.107778946620513,5.675156566165585,37.16679339764039
59,udds_aug_0059.csv,real_aug,udds,8.996740165606353,26.189152716541184,5.214443350230337,34.354645463926744
60,udds_aug_0060.csv,real_aug,udds,7.40619747870978,21.67212608894467,3.5840457772270455,20.949059082616746
61,udds_aug_0061.csv,real_aug,udds,8.996622996097521,26.251294190972317,4.78652091426155,32.44503980938707
62,udds_aug_0062.csv,real_aug,udds,7.487011258994812,21.8639367885843,4.3262290390890366,27.354595152057893
63,udds_aug_0063.csv,real_aug,udds,8.485798726875638,24.62167700297176,4.824350888694238,32.151325395424
64,udds_aug_0064.csv,real_aug,udds,8.716550391421329,25.374486020898594,4.311485981716162,27.163320110850783
65,udds_aug_0065.csv,real_aug,udds,7.080774913758332,20.565470376690595,3.2157062936295637,22.688554395977317
66,udds_aug_0066.csv,real_aug,udds,7.066456536964637,20.594699679727018,3.7808516777395464,22.228294664089248
67,udds_aug_0067.csv,real_aug,udds,8.408071272424333,24.491719406749937,4.794839317489742,32.72514411553019
68,udds_aug_0068.csv,real_aug,udds,7.538162188406546,21.90887360527162,4.078909249101345,26.675145774177746
69,udds_aug_0069.csv,real_aug,udds,9.829062715033373,28.651407934759206,5.8402112666072075,38.741708508146935
70,epa_hwy_aug_0070.csv,real_aug,epa_hwy,18.021601746922258,22.389278421219867,8.345524001706895,21.491064759814694
71,epa_hwy_aug_0071.csv,real_aug,epa_hwy,25.158345582767456,31.274224339918945,16.33172628211677,42.92954651430069
72,epa_hwy_aug_0072.csv,real_aug,epa_hwy,20.751948777081406,25.98087704340467,9.591965895031045,25.322234867592677
73,epa_hwy_aug_0073.csv,real_aug,epa_hwy,24.823703505264493,30.799939718825907,15.927978123870442,42.79985710444292
74,epa_hwy_aug_0074.csv,real_aug,epa_hwy,25.759341976206148,32.06785762518927,14.852510134156375,41.46232073249203
75,epa_hwy_aug_0075.csv,real_aug,epa_hwy,18.33904628531613,22.91696106916757,7.937301833761787,21.44335680131384
76,epa_hwy_aug_0076.csv,real_aug,epa_hwy,18.205936403591938,22.618604826716993,8.201406443688526,17.770957932796836
77,epa_hwy_aug_0077.csv,real_aug,epa_hwy,25.219086350585037,31.422727375387662,17.062908860550632,40.9940776215677
78,epa_hwy_aug_0078.csv,real_aug,epa_hwy,20.393936547462033,25.30246251216273,10.12314034627479,23.59475423825314
79,epa_hwy_aug_0079.csv,real_aug,epa_hwy,24.890811864455898,31.00249823508215,17.45449459495526,38.82241049440883
80,epa_hwy_aug_0080.csv,real_aug,epa_hwy,23.028357059694194,28.64520502248316,13.231573566644206,30.135171046695298
81,epa_hwy_aug_0081.csv,real_aug,epa_hwy,21.325542833752333,26.533285018211824,11.98406019484614,25.727942653245453
82,epa_hwy_aug_0082.csv,real_aug,epa_hwy,21.540180471166163,26.83029540856906,10.611091734681589,27.38838363249938
83,epa_hwy_aug_0083.csv,real_aug,epa_hwy,19.251667289570033,24.11633546666727,10.654509557297263,26.606209943671853
84,epa_hwy_aug_0084.csv,real_aug,epa_hwy,22.33543843450902,27.929740653092814,11.836778026487737,28.615626744299846
85,epa_hwy_aug_0085.csv,real_aug,epa_hwy,17.661747274911853,21.97241535331125,5.94968799360468,15.921785347615181
86,epa_hwy_aug_0086.csv,real_aug,epa_hwy,23.954887117873444,29.865964470441668,14.550705394578525,31.772841563516582
87,epa_hwy_aug_0087.csv,real_aug,epa_hwy,22.423485423518567,27.89308224824446,10.64163226554323,24.5744702160041
88,epa_hwy_aug_0088.csv,real_aug,epa_hwy,19.5133069518924,24.308821605603743,11.033999308884995,24.75895742675169
89,epa_hwy_aug_0089.csv,real_aug,epa_hwy,17.67739036976326,22.03096488128528,7.82253164846636,17.270296112313908
90,epa_hwy_aug_0090.csv,real_aug,epa_hwy,21.687393852909295,27.056836403976423,12.00570836918985,29.300602689140057
91,epa_hwy_aug_0091.csv,real_aug,epa_hwy,25.803502760349343,32.15633310872818,20.3143139523796,45.84414485839252
92,epa_hwy_aug_0092.csv,real_aug,epa_hwy,20.59157714884608,25.7329242122849,11.187777937264393,25.27398159701802
93,epa_hwy_aug_0093.csv,real_aug,epa_hwy,18.28530544368222,22.86180996188322,8.403620505438083,21.506811490034252
94,epa_hwy_aug_0094.csv,real_aug,epa_hwy,24.30688095355234,30.29425847786237,14.71722651653088,37.76418816026014
95,epa_hwy_aug_0095.csv,real_aug,epa_hwy,18.386167428563542,22.87746752960583,8.980013173862455,23.034436631931893
96,epa_hwy_aug_0096.csv,real_aug,epa_hwy,23.251063475934643,28.951144918295697,14.51703499377587,30.26318169883744
97,epa_hwy_aug_0097.csv,real_aug,epa_hwy,22.020311945113697,27.41847370586373,9.7029182442972,27.343253271057243
98,epa_hwy_aug_0098.csv,real_aug,epa_hwy,18.34041773062062,23.01001823125606,7.398650628409952,16.7060004823293
99,epa_hwy_aug_0099.csv,real_aug,epa_hwy,19.421836622064447,24.1305991379624,8.348033640280857,19.507780853859426
100,epa_hwy_aug_0100.csv,real_aug,epa_hwy,24.010347734377472,29.96983883442335,14.066589176351815,32.51727711500359
101,epa_hwy_aug_0101.csv,real_aug,epa_hwy,19.969541131175717,25.025028782365638,10.283736673626581,25.07769526549135
102,epa_hwy_aug_0102.csv,real_aug,epa_hwy,24.74647529233241,30.79975295165342,15.341539410346467,33.90990358078068
103,epa_hwy_aug_0103.csv,real_aug,epa_hwy,17.605724007463017,22.00080093369642,7.520912624040431,17.134442553401936
104,epa_hwy_aug_0104.csv,real_aug,epa_hwy,21.89745055516887,27.168312644464283,11.954286275603543,26.959698187806357
105,epa_hwy_aug_0105.csv,real_aug,epa_hwy,23.187133010591133,28.809512308748324,13.510844063126482,33.86053904677038
106,epa_hwy_aug_0106.csv,real_aug,epa_hwy,20.72671846770183,26.03743397764996,8.880242554688891,23.24733551671445
107,epa_hwy_aug_0107.csv,real_aug,epa_hwy,17.314375984027166,21.57445412850938,7.040298296816214,18.57333941999968
108,epa_hwy_aug_0108.csv,real_aug,epa_hwy,20.27508978808761,25.278242954238515,8.855903524366884,21.885778858467525
109,epa_hwy_aug_0109.csv,real_aug,epa_hwy,20.417589457939634,25.397433166979706,11.587013561283635,26.656803580946804
110,epa_hwy_aug_0110.csv,real_aug,epa_hwy,24.47993175658498,30.44469609684062,17.12480877211354,39.02928296865502
111,epa_hwy_aug_0111.csv,real_aug,epa_hwy,20.44167357844102,25.370296936146566,9.803007864720035,24.197785028151443
112,epa_hwy_aug_0112.csv,real_aug,epa_hwy,24.14256201419062,30.072508863144034,12.18544175818634,31.160851754763662
113,epa_hwy_aug_0113.csv,real_aug,epa_hwy,23.798971318545224,29.5128407099822,12.550138415726957,30.933213433531197
114,epa_hwy_aug_0114.csv,real_aug,epa_hwy,18.048720273354284,22.51815884090083,7.9530209500105205,17.688799232530762
115,epa_hwy_aug_0115.csv,real_aug,epa_hwy,25.453104020940835,31.651529167168036,17.521804664582508,43.487570366897295
116,epa_hwy_aug_0116.csv,real_aug,epa_hwy,25.29681023406601,31.475600062768574,14.048544057005866,39.2325027655066
117,epa_hwy_aug_0117.csv,real_aug,epa_hwy,18.550968678759556,23.041288315294654,10.03472585429371,21.689000629419283
118,epa_hwy_aug_0118.csv,real_aug,epa_hwy,21.64891115335372,27.014183050594117,12.141496381665506,26.13882548160714
119,epa_hwy_aug_0119.csv,real_aug,epa_hwy,23.932694145035015,29.746628595679717,13.609785842955771,34.47005781866011
120,epa_hwy_aug_0120.csv,real_aug,epa_hwy,23.181101850928247,28.892680563253958,15.48734620527745,33.72885619377561
121,epa_hwy_aug_0121.csv,real_aug,epa_hwy,17.35368326198004,21.605420724018366,7.9510473590116115,16.807140667900914
122,epa_hwy_aug_0122.csv,real_aug,epa_hwy,22.0664468927669,27.470176268420534,9.607026166263193,25.213324184638857
123,epa_hwy_aug_0123.csv,real_aug,epa_hwy,17.705015286078684,22.21463336702422,7.601449125992557,18.789227118900705
124,epa_hwy_aug_0124.csv,real_aug,epa_hwy,22.160660227831812,27.757473710004966,12.856752825132602,28.454400715869735
125,epa_hwy_aug_0125.csv,real_aug,epa_hwy,24.75796552923685,30.895032768042842,13.362869754880618,33.283975141705156
126,epa_hwy_aug_0126.csv,real_aug,epa_hwy,25.73830818105857,32.221695592141614,15.163484949952974,37.783771217364226
127,epa_hwy_aug_0127.csv,real_aug,epa_hwy,23.41092683050032,29.197259068416063,13.193416674292367,33.32376396782672
128,epa_hwy_aug_0128.csv,real_aug,epa_hwy,24.1259162913032,29.962422357752214,13.482877348789174,30.695534741786602
129,epa_hwy_aug_0129.csv,real_aug,epa_hwy,19.500700634938802,24.358438098852826,9.4612652975755,20.85889758427149
130,epa_hwy_aug_0130.csv,real_aug,epa_hwy,21.045264924107393,26.32130919723554,9.731930223012988,24.144374756576262
131,epa_hwy_aug_0131.csv,real_aug,epa_hwy,18.87189564886202,23.601254328960465,8.833601031740892,21.883041926938343
132,epa_hwy_aug_0132.csv,real_aug,epa_hwy,24.09972663850475,30.10434640737089,14.978330780279236,31.165479995961757
133,epa_hwy_aug_0133.csv,real_aug,epa_hwy,24.452299963769175,30.53986872377851,14.33912441852314,35.35771525540617
134,epa_hwy_aug_0134.csv,real_aug,epa_hwy,21.83439668419583,27.170502874353136,12.470553612090939,31.395264243359108
135,epa_hwy_aug_0135.csv,real_aug,epa_hwy,20.053407423913555,24.943198179875097,8.642420340524273,21.16205858803944
136,epa_hwy_aug_0136.csv,real_aug,epa_hwy,17.970688717260668,22.4149609645167,9.143211145367518,20.423021895026782
137,epa_hwy_aug_0137.csv,real_aug,epa_hwy,25.50753732059716,31.88842174553102,17.22164532382819,39.665683141189206
138,epa_hwy_aug_0138.csv,real_aug,epa_hwy,19.443242104530597,24.262982634929728,7.025856655765318,19.2187484215182
139,epa_hwy_aug_0139.csv,real_aug,epa_hwy,21.365915901820838,26.53732495288665,9.184526874795939,25.457686514035668
140,us06_aug_0140.csv,real_aug,us06,25.790180641138974,43.030885571326685,24.798511560674488,91.48016761493058
141,us06_aug_0141.csv,real_aug,us06,25.85197980446744,42.9424147053797,27.94211048557228,87.10990188602031
142,us06_aug_0142.csv,real_aug,us06,22.615708481765786,37.699729111514614,19.75827689394956,72.08971117069977
143,us06_aug_0143.csv,real_aug,us06,24.339369016465668,40.647387841969824,19.749158023013162,71.06829366774757
144,us06_aug_0144.csv,real_aug,us06,23.249070771948936,38.73724757532974,15.676853183302791,60.71552862401502
145,us06_aug_0145.csv,real_aug,us06,20.531568855396745,34.014905813798634,14.800513294013887,60.53422839799098
146,us06_aug_0146.csv,real_aug,us06,25.00235732431963,41.67957110860207,25.278013207963962,81.59022569243696
147,us06_aug_0147.csv,real_aug,us06,23.980005560184598,39.976112743896536,22.161435575079786,74.60559012077975
148,us06_aug_0148.csv,real_aug,us06,22.678018699518706,37.755249409985886,19.83800857657016,63.65669963301342
149,us06_aug_0149.csv,real_aug,us06,20.59044939647962,34.32078312383029,13.686725554100962,51.56727250409609
150,us06_aug_0150.csv,real_aug,us06,17.612825725633442,29.30481654065475,9.780654867127755,34.50201387387852
151,us06_aug_0151.csv,real_aug,us06,22.094788823290166,36.77878457191286,18.15202928172919,56.71811015659382
152,us06_aug_0152.csv,real_aug,us06,19.533223105076747,32.505463522265536,13.504872707306928,51.74167543113769
153,us06_aug_0153.csv,real_aug,us06,25.754277430398396,43.0184746137446,28.541026424657055,98.1986355794327
154,us06_aug_0154.csv,real_aug,us06,18.86507655013964,31.411503290792883,12.684724286332042,47.24133390756821
155,us06_aug_0155.csv,real_aug,us06,25.023882869037823,41.69757490586312,21.372391972703042,71.2140291516116
156,us06_aug_0156.csv,real_aug,us06,22.14507566232891,36.84856965718026,15.678520937297973,57.40382268461673
157,us06_aug_0157.csv,real_aug,us06,22.230112488567194,37.01839091965909,14.333726359378902,57.55802667845696
158,us06_aug_0158.csv,real_aug,us06,18.0231530830377,29.95468862336055,11.413153702354196,44.03473266565733
159,us06_aug_0159.csv,real_aug,us06,24.004870657035493,39.82328239896862,19.34741154219767,62.09418590339474
160,us06_aug_0160.csv,real_aug,us06,19.93714627447904,33.23104073165274,13.153322378910595,46.13482961475596
161,us06_aug_0161.csv,real_aug,us06,19.83626031792567,32.99512067900751,15.408814978144452,49.72327847196081
162,us06_aug_0162.csv,real_aug,us06,19.863574485234178,33.02672578260506,15.01370061239546,54.66915188014959
163,us06_aug_0163.csv,real_aug,us06,23.17053715287556,38.511507046487274,17.704744224531353,71.20359120291278
164,us06_aug_0164.csv,real_aug,us06,19.924901221526966,33.1399348711111,14.716349170093277,53.11761510195389
165,us06_aug_0165.csv,real_aug,us06,22.902210255964732,38.169595838911064,15.801420343903851,56.05508295815701
166,us06_aug_0166.csv,real_aug,us06,24.76581472216597,41.13379989690737,24.358560953914644,85.91932351183284
167,us06_aug_0167.csv,real_aug,us06,24.596686843049486,40.94825666344784,21.234531691835155,68.3645022955328
168,us06_aug_0168.csv,real_aug,us06,21.892615385725534,36.47925434863964,16.039169768908142,66.54183723742894
169,us06_aug_0169.csv,real_aug,us06,23.482774479229438,39.09339577030762,19.670170177053418,72.70096087984007
170,us06_aug_0170.csv,real_aug,us06,21.14258722024277,35.14211711871465,15.877040430559243,60.01979307960391
171,us06_aug_0171.csv,real_aug,us06,22.064808240106984,36.87393980488608,17.205717567354675,61.70791506343903
172,us06_aug_0172.csv,real_aug,us06,22.007891550194625,36.73119787730433,14.82658249268153,57.285074803114775
173,us06_aug_0173.csv,real_aug,us06,18.99496595113601,31.541910979747335,11.990689009040917,43.077356584171305
174,us06_aug_0174.csv,real_aug,us06,22.655372453794563,37.67840483833112,17.49992307237384,62.87515094770744
175,us06_aug_0175.csv,real_aug,us06,18.78375990864388,31.34779705761404,13.280679246525693,47.41472074748176
176,us06_aug_0176.csv,real_aug,us06,24.189255319496713,40.22775168628362,19.912060699999163,80.65699682573391
177,us06_aug_0177.csv,real_aug,us06,25.11673167823933,41.855162987243276,21.553757869039707,87.5668811143897
178,us06_aug_0178.csv,real_aug,us06,25.773931280538786,42.85717797786861,28.33741200146816,95.87830616859813
179,us06_aug_0179.csv,real_aug,us06,23.042324942964317,38.27335809809842,20.370330434732573,68.70780396233943
180,us06_aug_0180.csv,real_aug,us06,20.072178749941294,33.25829399393325,12.079941188845684,45.86675461699717
181,us06_aug_0181.csv,real_aug,us06,19.638952822780283,32.659472585297216,12.934959982566356,44.59733605812542
182,us06_aug_0182.csv,real_aug,us06,17.59263477183023,29.340301516266297,9.535097163572917,36.58863982714387
183,us06_aug_0183.csv,real_aug,us06,19.22219647231602,32.11867806009562,11.46902385564909,43.46604928879893
184,us06_aug_0184.csv,real_aug,us06,20.774179980466016,34.55768964291729,14.105664924077265,50.85455721750386
185,us06_aug_0185.csv,real_aug,us06,21.03325329435145,34.93329276073499,16.933101742460995,62.38745054544997
186,us06_aug_0186.csv,real_aug,us06,25.365945754170937,42.2410475822753,26.26626204869676,85.20563578268725
187,us06_aug_0187.csv,real_aug,us06,22.38907884877842,37.37715561675313,17.724920766633847,72.07189627187718
188,us06_aug_0188.csv,real_aug,us06,18.182324931328434,30.27057484717448,11.81179830426846,46.67779326056185
189,us06_aug_0189.csv,real_aug,us06,20.90886966581398,34.778985347454864,14.367609758944267,50.10559684974231
190,us06_aug_0190.csv,real_aug,us06,22.351623407352946,36.980517206484805,16.60010769426963,55.66237621504892
191,us06_aug_0191.csv,real_aug,us06,17.834392042033386,29.636521601624587,11.658881842947057,45.08827964385509
192,us06_aug_0192.csv,real_aug,us06,18.299315486650883,30.380193417310544,11.80948871116264,43.31605614978767
193,us06_aug_0193.csv,real_aug,us06,19.62787000252635,32.74648772451065,12.494308114513249,49.404824570100125
194,us06_aug_0194.csv,real_aug,us06,23.740826954102534,39.45640777171424,21.699940317693592,72.58746025175087
195,us06_aug_0195.csv,real_aug,us06,23.86455780864654,39.76678331707411,18.29497070984793,65.9569629386949
196,us06_aug_0196.csv,real_aug,us06,23.736855564666467,39.442432013942216,17.57157090491576,65.03269198933349
197,us06_aug_0197.csv,real_aug,us06,20.199273431089033,33.70989579901046,15.830865220254733,52.865982468420555
198,us06_aug_0198.csv,real_aug,us06,20.08539030947324,33.38558752507218,16.35318007652756,63.038780437283336
199,us06_aug_0199.csv,real_aug,us06,18.430269907582485,30.661391879249898,11.005943691469355,43.123877561738574
200,us06_aug_0200.csv,real_aug,us06,22.873764548942617,38.22069791862757,20.209396309249748,69.63320307385331
201,us06_aug_0201.csv,real_aug,us06,18.417566282721044,30.89688778192474,12.827409164906113,46.94109800879541
202,us06_aug_0202.csv,real_aug,us06,22.392928333889618,37.35944913592433,18.1248125227999,60.744100185729245
203,us06_aug_0203.csv,real_aug,us06,18.188852844025345,30.297640250882093,11.445067924544398,43.370884630712546
204,us06_aug_0204.csv,real_aug,us06,18.382351007558967,30.56866779918437,12.536220514846695,46.67011341430683
205,us06_aug_0205.csv,real_aug,us06,23.87750681457654,39.72726402108606,23.67659097542073,88.32546080512391
206,us06_aug_0206.csv,real_aug,us06,20.45500267477043,34.03670340710808,16.854925536808544,55.691575311975576
207,us06_aug_0207.csv,real_aug,us06,25.363384376229668,42.0994290411907,22.708772814324515,78.09065518624085
208,us06_aug_0208.csv,real_aug,us06,25.10300224216218,41.99584942962424,25.66677390998452,82.29985140100308
209,us06_aug_0209.csv,real_aug,us06,20.266731643346784,33.81735361246085,15.130989572340164,50.09717264570969
210,city_0210.csv,synthetic,city,7.889064304026166,19.27759016582591,3.6789529770273113,15.637038917009027
211,city_0211.csv,synthetic,city,7.742229380164572,19.995858664796533,3.362632160853526,19.58479331405305
212,city_0212.csv,synthetic,city,7.917267841532909,14.881712447683611,3.428625497367884,11.741632713142657
213,city_0213.csv,synthetic,city,7.844647132404104,12.023750297616072,2.8390450211470304,9.752934337127247
214,city_0214.csv,synthetic,city,7.850415983918777,13.155447884683971,2.869340917022097,8.10080793566377
215,city_0215.csv,synthetic,city,7.900393336467225,16.31215770554227,2.995235496162872,15.333324261990311
216,city_0216.csv,synthetic,city,7.027698958563414,20.0,3.7349665529453575,29.964288400495363
217,city_0217.csv,synthetic,city,7.936790939144286,13.704019550701844,2.743853025148539,8.479500582938849
218,city_0218.csv,synthetic,city,7.302192560843698,19.999999999999982,3.607709235052227,32.94360933886162
219,city_0219.csv,synthetic,city,7.7534343733767015,16.357258033056066,3.571203260296358,18.218569988104942
220,city_0220.csv,synthetic,city,7.718878296719279,19.999570655986147,3.3427920627012404,17.48507532619374
221,city_0221.csv,synthetic,city,7.872434766409964,11.921904495606615,2.9997420507744295,10.28516023283965
222,city_0222.csv,synthetic,city,7.6961565544856825,19.99830178255411,3.300469044305813,24.84524693040871
223,city_0223.csv,synthetic,city,7.733275223364679,19.86193563325742,2.766526882046185,17.687208799078352
224,city_0224.csv,synthetic,city,7.781851481786148,19.130075514221293,3.4569633482892694,15.476562926205215
225,city_0225.csv,synthetic,city,7.738606582600539,18.45476514611241,3.3562753855739054,22.667119758266363
226,city_0226.csv,synthetic,city,7.816868759257053,19.7866886415133,2.7840686357312876,22.008889154927605
227,city_0227.csv,synthetic,city,7.809774001801236,15.615927763475202,2.2305617117125505,14.431658377535467
228,city_0228.csv,synthetic,city,7.700332261685272,16.368330132178933,3.67731090018377,25.869718691322273
229,city_0229.csv,synthetic,city,7.853112090792624,17.99366708809818,3.3398256944824998,16.958354102671866
230,city_0230.csv,synthetic,city,7.880449021870016,17.037673040256227,3.093058281732179,12.169836577554932
231,city_0231.csv,synthetic,city,7.776006748092118,19.58779275782971,4.375108716281111,24.123297809041922
232,city_0232.csv,synthetic,city,7.884733671528542,16.050262540524834,3.019455177602189,16.93536966405978
233,city_0233.csv,synthetic,city,7.742785838047988,13.555382658849748,2.3542150562642488,9.992991810816223
234,city_0234.csv,synthetic,city,7.4317914877144835,20.0,3.250490436226264,23.619521104564658
235,city_0235.csv,synthetic,city,7.747954212453199,19.979166485780606,3.057890010283136,24.611736071988304
236,city_0236.csv,synthetic,city,7.830188124820773,16.667370931014204,2.8584099307488313,13.740771265944636
237,city_0237.csv,synthetic,city,7.592932158027434,19.99999371867794,3.7272804483639788,27.888786544992968
238,city_0238.csv,synthetic,city,7.887638632284383,16.12959758736762,2.6599441338868006,9.636658818751096
239,city_0239.csv,synthetic,city,7.90529297335398,17.759928745261526,3.278820154219011,12.535475503323731
240,city_0240.csv,synthetic,city,7.881953765649389,18.78047089606664,3.029448009448094,15.051988939183437
241,city_0241.csv,synthetic,city,7.7770052277445085,19.999081720260065,3.9123139118950676,16.67079865465404
242,city_0242.csv,synthetic,city,7.860284839042106,19.648118424825334,3.4937040134752904,15.590007952804042
243,city_0243.csv,synthetic,city,7.887714723818506,18.92591576506497,3.4488555190077412,19.88026787297317
244,city_0244.csv,synthetic,city,7.854733533181796,15.831348866817937,3.385325021004063,10.558624756939508
245,city_0245.csv,synthetic,city,7.81511120790818,19.94886968383554,3.5919941463281924,15.659375696064023
246,city_0246.csv,synthetic,city,7.706852557937568,10.974299339892076,2.2970352345759575,11.122247066692486
247,city_0247.csv,synthetic,city,7.861261123000844,15.95037412661082,3.323082424316462,11.743905164090364
248,city_0248.csv,synthetic,city,7.524043919652813,19.999999999999996,2.9758807894020007,18.09612736620156
249,city_0249.csv,synthetic,city,7.837409823659144,18.251432212292343,2.6109927812375515,16.687777145526994
250,city_0250.csv,synthetic,city,7.821170269355597,19.091046134855116,3.784462789321363,19.715371528507184
251,city_0251.csv,synthetic,city,7.8613447222823645,19.36835873597158,3.7444248489657723,17.530056253136095
252,city_0252.csv,synthetic,city,7.747344043404742,13.480974716896847,2.669380303695414,9.342048412374202
253,city_0253.csv,synthetic,city,7.4903688746539645,19.999999999999996,3.5332903781055895,26.41067235137987
254,city_0254.csv,synthetic,city,7.635949390329656,19.99999999999999,4.380029004964741,34.887671209447845
255,city_0255.csv,synthetic,city,7.848220635721353,18.979287549594936,3.0005327089397325,16.780704983099135
256,city_0256.csv,synthetic,city,7.826488250481105,15.8946597283709,3.267294304743505,14.016836127985394
257,city_0257.csv,synthetic,city,7.915444262725683,18.189401466075413,3.2275592026946764,18.221651598169522
258,city_0258.csv,synthetic,city,7.735358791389192,20.0,2.991013130973022,14.013022324182757
259,city_0259.csv,synthetic,city,7.854064022282235,16.736312272692253,2.946825990889813,16.42063285543821
260,city_0260.csv,synthetic,city,7.773404038890216,17.807445764154117,3.3004960150472775,17.430430818865137
261,city_0261.csv,synthetic,city,7.932241494382226,16.805687385992513,3.2395553062440796,9.368230532592872
262,city_0262.csv,synthetic,city,7.950547288791079,16.808035187875596,2.9959301120308304,9.800045394650091
263,city_0263.csv,synthetic,city,7.972793003482787,19.896156914842848,3.5797758626476033,17.763585898146236
264,city_0264.csv,synthetic,city,7.705189267327645,19.99999999999998,3.9444294539087887,25.429262536128427
265,city_0265.csv,synthetic,city,7.84523474680692,19.99945433414579,3.2881747132511556,20.025986671150765
266,city_0266.csv,synthetic,city,7.725324848930291,19.64259781547043,3.2664238669722123,26.673275038808843
267,city_0267.csv,synthetic,city,7.394313199092118,20.0,3.0582686940918578,25.2724676781513
268,city_0268.csv,synthetic,city,7.838252977970067,17.649893649030506,3.084131481818225,12.43133269149233
269,city_0269.csv,synthetic,city,7.8464617354026895,15.549883035397954,2.787097187712112,8.133160038564771
270,city_0270.csv,synthetic,city,7.76473281777388,19.999912606122926,3.913590364387518,30.99140107952006
271,city_0271.csv,synthetic,city,7.7184789588572595,19.966552539244525,4.048635422950584,30.54269987397098
272,city_0272.csv,synthetic,city,7.894725209092846,16.418706352293988,2.8959768696066206,9.726995597696606
273,city_0273.csv,synthetic,city,7.750169855016578,16.056695277275008,3.0271409371024225,17.531487125294298
274,city_0274.csv,synthetic,city,7.78263319234936,15.869073249143662,3.624261933173007,17.962222933210594
275,city_0275.csv,synthetic,city,7.866340908790668,15.412882804478793,2.8766383156474933,8.998273127484412
276,city_0276.csv,synthetic,city,7.746095869787355,13.436568996041155,3.326519281468958,13.544288884697854
277,city_0277.csv,synthetic,city,7.649195394095199,20.0,3.1310154286676593,20.586420193259325
278,city_0278.csv,synthetic,city,7.750639919198926,19.999999999999982,3.7328205504470833,14.737246401222285
279,city_0279.csv,synthetic,city,7.796836863921766,12.866075947511089,3.482110022239449,13.416335491244869
280,city_0280.csv,synthetic,city,7.709656908380768,20.0,4.309398110113353,21.919318318039068
281,city_0281.csv,synthetic,city,7.859195319249251,16.301663790064797,3.6763459576188016,10.994195767267229
282,city_0282.csv,synthetic,city,7.6904588620829895,19.999999999999982,3.9038852342457493,31.99823889237869
283,city_0283.csv,synthetic,city,7.682275254728942,19.99999935612626,3.6592610122718106,21.515919036780673
284,city_0284.csv,synthetic,city,7.906248814686018,19.43301292188665,3.4771863812479986,24.292154218174826
285,city_0285.csv,synthetic,city,7.606035766553504,20.0,3.309128260395717,22.111675157643038
286,city_0286.csv,synthetic,city,7.40708599027739,20.0,4.0659252779896935,35.684985667449084
287,city_0287.csv,synthetic,city,7.012966302496839,20.0,3.4729225922265496,20.681825282155184
288,city_0288.csv,synthetic,city,7.863809532187412,17.6490265305955,3.124804547020917,16.48402360314247
289,city_0289.csv,synthetic,city,7.570815806201392,19.999999999999982,3.405079489229253,16.65206732543427
290,city_0290.csv,synthetic,city,7.8322441358302495,19.6576632846167,3.1843019598165054,21.7939817249682
291,city_0291.csv,synthetic,city,7.8521102937582,16.614460936802658,2.9984149853292688,9.932375412764557
292,city_0292.csv,synthetic,city,7.808805928961409,19.88430673955214,2.8555920583448744,22.77975444071803
293,city_0293.csv,synthetic,city,7.7501618711590945,19.807781911008295,3.7392049293894325,23.886908725907503
294,city_0294.csv,synthetic,city,7.7073444759498075,14.503409545210218,2.8872196455642274,12.97964768453934
295,city_0295.csv,synthetic,city,7.73532894828354,19.36116869013635,3.7090757811953368,21.822060561237116
296,city_0296.csv,synthetic,city,7.887461128208488,19.94503447454924,4.803438868141212,29.383083110661467
297,city_0297.csv,synthetic,city,7.803339585729261,17.531286660577912,3.1615414681420675,16.732419635157715
298,city_0298.csv,synthetic,city,7.643928051555337,20.0,3.428442153089214,23.019383908053232
299,city_0299.csv,synthetic,city,7.893416682121373,11.663554194892107,2.9453488002057773,8.253702460937218
300,city_0300.csv,synthetic,city,7.741018414253774,17.21618819334227,3.9718069555079722,21.807705468444574
301,city_0301.csv,synthetic,city,7.744318343288592,16.254766175956554,3.1271120454950645,18.127589271827546
302,city_0302.csv,synthetic,city,7.5036766607871925,20.0,3.6223255981666878,15.912537059680012
303,city_0303.csv,synthetic,city,7.606579078195822,18.415034571892164,3.6755608578142915,23.444881589351642
304,city_0304.csv,synthetic,city,7.915033346324297,13.962766731863478,1.976505674504057,7.341603066399735
305,city_0305.csv,synthetic,city,7.401784706211785,20.0,3.6529484120461366,25.819874722506736
306,city_0306.csv,synthetic,city,7.8351207930967925,20.0,3.5243138743939113,18.854211766915117
307,city_0307.csv,synthetic,city,7.902924050982177,19.03118250956114,2.9911691435750662,13.41442363889225
308,city_0308.csv,synthetic,city,7.764450809288774,15.990907388848779,2.8286519788972115,15.674588840140636
309,city_0309.csv,synthetic,city,7.717014753672581,16.04011157652949,3.553742326912351,17.750638300368767
310,suburban_0310.csv,synthetic,suburban,12.792809248252395,24.200926719006265,6.295918382289957,19.88723575758826
311,suburban_0311.csv,synthetic,suburban,12.882864706139637,24.354669186248252,6.388369843089829,18.476874826602693
312,suburban_0312.csv,synthetic,suburban,12.578393112223685,28.0,8.468188222127162,48.942116321703715
313,suburban_0313.csv,synthetic,suburban,12.78312460827457,19.48580670675775,4.493768314048302,21.99427370254604
314,suburban_0314.csv,synthetic,suburban,12.695543463218861,28.0,5.785522601730679,22.384729338505622
315,suburban_0315.csv,synthetic,suburban,12.693542660167296,20.683776023824738,5.360322831978805,37.13792868467412
316,suburban_0316.csv,synthetic,suburban,12.559160578314692,28.0,7.560073589386988,48.56787146624436
317,suburban_0317.csv,synthetic,suburban,12.425536764298043,28.0,6.753590400880631,35.37812309012362
318,suburban_0318.csv,synthetic,suburban,12.869325017555576,19.332088259006525,5.377666858803517,19.126967507392397
319,suburban_0319.csv,synthetic,suburban,12.208638405680775,28.0,7.995976104495595,63.36713924844814
320,suburban_0320.csv,synthetic,suburban,12.2759329142771,27.999999999999982,6.49146091655152,37.50448869297945
321,suburban_0321.csv,synthetic,suburban,12.735296501646994,27.023318460425024,6.911783706425312,41.684837819289015
322,suburban_0322.csv,synthetic,suburban,12.745731146192155,26.24570651732781,5.242679185681264,27.028515007376818
323,suburban_0323.csv,synthetic,suburban,12.56562258999925,27.99999999999998,6.894275352204485,34.03417266844124
324,suburban_0324.csv,synthetic,suburban,12.717518835153982,27.99999999999996,6.818408421486707,45.527720089276436
325,suburban_0325.csv,synthetic,suburban,12.419420137519536,28.0,7.435010397861082,31.791596809006087
326,suburban_0326.csv,synthetic,suburban,12.23027106534703,28.0,5.505953794142832,28.79852124561326
327,suburban_0327.csv,synthetic,suburban,12.588957503262595,26.266456354757235,7.086508752508637,41.279272534130094
328,suburban_0328.csv,synthetic,suburban,12.843085518084198,26.450093860144978,6.705621853229601,24.16427599501623
329,suburban_0329.csv,synthetic,suburban,12.686483885001461,23.867179228154686,6.843063855698333,38.127417181319835
330,suburban_0330.csv,synthetic,suburban,12.797005515681683,20.606599153091306,4.437790125067007,17.749029740643028
331,suburban_0331.csv,synthetic,suburban,12.762526445679601,21.528413572529466,5.180730196617588,18.92498100742531
332,suburban_0332.csv,synthetic,suburban,11.71570564231064,28.0,7.435618763513238,53.30928790365792
333,suburban_0333.csv,synthetic,suburban,12.231334050291638,28.0,7.906160951606393,34.586618735680304
334,suburban_0334.csv,synthetic,suburban,12.098343658390265,28.0,6.770922263400721,45.228186913311575
335,suburban_0335.csv,synthetic,suburban,12.766606140709207,21.6243027967489,5.09273382579571,18.790112569724748
336,suburban_0336.csv,synthetic,suburban,9.468198585402588,28.0,6.4574100562537025,47.37493964349493
337,suburban_0337.csv,synthetic,suburban,12.62617034799777,26.982809810548893,6.168774480686359,36.60470399013285
338,suburban_0338.csv,synthetic,suburban,12.038834502016343,28.0,5.762221035953205,29.900294331761437
339,suburban_0339.csv,synthetic,suburban,12.738291122643336,23.506871147911756,4.469552866435155,29.01305003094747
340,suburban_0340.csv,synthetic,suburban,12.079274663178921,27.99999999999999,7.1780956103845,22.875737108316187
341,suburban_0341.csv,synthetic,suburban,12.312488376114304,28.0,8.34191025056666,65.03212815674193
342,suburban_0342.csv,synthetic,suburban,12.589343599693779,28.0,7.161293560498303,46.03362997010671
343,suburban_0343.csv,synthetic,suburban,12.388894982304704,27.99999999999999,7.125222811699619,53.988040640955944
344,suburban_0344.csv,synthetic,suburban,12.80560272467141,24.45919473764822,5.211259252122417,22.308535555632826
345,suburban_0345.csv,synthetic,suburban,12.686453075195496,27.99999999999998,5.556915586023336,28.838927414115197
346,suburban_0346.csv,synthetic,suburban,12.672539011108206,23.16921298241771,5.990290651516113,45.884842131137674
347,suburban_0347.csv,synthetic,suburban,12.384700466340597,27.99999999999999,6.260339921100857,43.03882843333018
348,suburban_0348.csv,synthetic,suburban,12.409829392847964,27.99999999999999,6.2863190704095615,36.106662270728464
349,suburban_0349.csv,synthetic,suburban,12.822435279915647,28.0,5.342322585281158,29.364550293020596
350,suburban_0350.csv,synthetic,suburban,12.565698251569676,28.0,8.128111722607628,60.09330909111669
351,suburban_0351.csv,synthetic,suburban,12.788227376966331,20.522747913550766,6.216050098988265,24.124966160280103
352,suburban_0352.csv,synthetic,suburban,12.629578831421512,24.9677459490481,5.586484596555479,32.07381062629586
353,suburban_0353.csv,synthetic,suburban,12.792807347740512,26.17342106404076,5.4205586079926755,26.997258291603078
354,suburban_0354.csv,synthetic,suburban,12.655723054594661,27.99999999999999,7.527048477366322,52.723000270621995
355,suburban_0355.csv,synthetic,suburban,12.748990274117176,23.535523801464297,5.09903391131964,42.235497577459554
356,suburban_0356.csv,synthetic,suburban,12.534271620323597,27.99999999999996,7.914168905619699,30.08162469897447
357,suburban_0357.csv,synthetic,suburban,12.80368500316154,25.656903955266877,6.732555208334976,22.843110944856647
358,suburban_0358.csv,synthetic,suburban,12.889812710436862,25.14153637467981,6.404693851713682,21.816256252615542
359,suburban_0359.csv,synthetic,suburban,12.563617629280188,27.924845152783167,8.503710790150624,57.3222694977929
360,suburban_0360.csv,synthetic,suburban,10.772709266717303,28.0,5.726399025723429,44.358918520832376
361,suburban_0361.csv,synthetic,suburban,10.835100809023773,28.0,5.729264014566249,23.572135130174544
362,suburban_0362.csv,synthetic,suburban,11.360997111081746,28.0,5.9131930842137175,32.02268888714502
363,suburban_0363.csv,synthetic,suburban,12.610954221743901,27.99999972326757,5.800862629247833,30.385495510139734
364,suburban_0364.csv,synthetic,suburban,12.07911503349049,27.999999999999993,7.65818494210652,36.09846084898588
365,suburban_0365.csv,synthetic,suburban,12.798876293549078,22.958043162805204,4.5360143923804195,34.34160291819412
366,suburban_0366.csv,synthetic,suburban,12.760799609965707,27.395564323672755,5.720316575918477,36.591623142048405
367,suburban_0367.csv,synthetic,suburban,12.85759202306229,26.26697313317403,5.930245072019752,26.7441934907477
368,suburban_0368.csv,synthetic,suburban,11.472831862546656,28.0,5.811103158697422,20.68440879698371
369,suburban_0369.csv,synthetic,suburban,12.268000978280723,27.999999999999982,6.884627363009953,65.6790849309247
370,suburban_0370.csv,synthetic,suburban,12.620409330892166,20.625572995647037,5.279270588464042,22.63051232112234
371,suburban_0371.csv,synthetic,suburban,12.731536029228389,24.06485249580843,6.220734643831585,38.98106134678194
372,suburban_0372.csv,synthetic,suburban,12.312929495911263,27.99999999999998,6.745043462900655,52.58030470444648
373,suburban_0373.csv,synthetic,suburban,12.650212223570385,27.999999999999993,6.924495867220565,40.6593936069551
374,suburban_0374.csv,synthetic,suburban,12.664282554000714,17.660002376040875,4.020626300177366,15.301518649000512
375,suburban_0375.csv,synthetic,suburban,12.683099329078145,27.999999999999964,5.976233784977951,26.850948542132183
376,suburban_0376.csv,synthetic,suburban,12.375043948920922,27.99999999999999,6.951208425306488,39.51255324986825
377,suburban_0377.csv,synthetic,suburban,12.76224721100812,23.68593177683655,6.025794377632372,34.02001131522371
378,suburban_0378.csv,synthetic,suburban,12.688020526964563,27.991472212459,7.788695703338385,63.54980890524423
379,suburban_0379.csv,synthetic,suburban,12.709802835129135,27.999999872715364,6.738754493126111,30.351627024160393
380,suburban_0380.csv,synthetic,suburban,12.766649244187674,27.991367746163803,6.343876606777802,44.26948216157904
381,suburban_0381.csv,synthetic,suburban,12.006212336201152,28.0,6.374590007094527,47.51020903260623
382,suburban_0382.csv,synthetic,suburban,12.588743640236466,27.96492505317682,6.653705176282213,34.5334464646963
383,suburban_0383.csv,synthetic,suburban,12.867406542270054,18.972691915040265,3.8213110315100667,12.18812762195825
384,suburban_0384.csv,synthetic,suburban,12.866631375919356,27.654552758185577,4.904901499923564,35.917293799844195
385,suburban_0385.csv,synthetic,suburban,11.866842384025986,28.0,7.286920545840583,48.29708433064787
386,suburban_0386.csv,synthetic,suburban,12.738170336397783,23.672066448040948,5.454434104260144,16.294904283064714
387,suburban_0387.csv,synthetic,suburban,11.835055036112868,28.0,6.998185565966593,46.08522478826143
388,suburban_0388.csv,synthetic,suburban,12.866765543657568,24.99834284078437,4.965640604301662,19.191467938910513
389,suburban_0389.csv,synthetic,suburban,12.774493287616547,21.478984480191873,6.128436059475174,25.858600533218294
390,suburban_0390.csv,synthetic,suburban,12.66659396115523,27.999999999999993,7.750239009696314,30.9954598970563
391,suburban_0391.csv,synthetic,suburban,12.686039143938036,26.70182363526383,7.407963806888341,37.91515063325478
392,suburban_0392.csv,synthetic,suburban,12.841980673241853,27.406886949666337,6.445210029286711,29.995184985307922
393,suburban_0393.csv,synthetic,suburban,12.810530532282176,23.649391850947556,6.167133721503404,29.761935212074953
394,suburban_0394.csv,synthetic,suburban,12.60458179251138,28.0,5.609045214708465,45.01467775208479
395,suburban_0395.csv,synthetic,suburban,12.717246992118438,27.99999999999998,6.856598097610794,49.02475163609208
396,suburban_0396.csv,synthetic,suburban,12.702704900049076,27.99999999999999,7.179724540341297,43.91969382218996
397,suburban_0397.csv,synthetic,suburban,12.627000331490324,24.864017859453842,6.751899903650393,40.11781946554355
398,suburban_0398.csv,synthetic,suburban,12.078333478948526,28.0,7.27220401409579,50.68185465226445
399,suburban_0399.csv,synthetic,suburban,12.82430224764299,20.686242408648802,6.137567446072064,22.133926623833872
400,suburban_0400.csv,synthetic,suburban,12.717331048227852,27.99999999999998,7.8244155539981,63.95292904894286
401,suburban_0401.csv,synthetic,suburban,12.872492798326013,26.486197423072078,6.1722970889641555,19.80538236298728
402,suburban_0402.csv,synthetic,suburban,12.598781339544857,27.99999997562643,7.256641102854547,42.86507443828748
403,suburban_0403.csv,synthetic,suburban,11.386812913937332,27.99999999999998,7.5083763200221245,49.041728184595236
404,suburban_0404.csv,synthetic,suburban,12.827534913524255,27.99999297759286,5.146744116858655,20.77246098668578
405,suburban_0405.csv,synthetic,suburban,12.51507776293524,28.0,7.269394986479352,41.00669247543641
406,suburban_0406.csv,synthetic,suburban,11.726587842166625,27.99999999999999,7.512117154927634,30.991769940530244
407,suburban_0407.csv,synthetic,suburban,10.800258676764958,27.99999999999998,6.631102795687628,27.280739940680952
408,suburban_0408.csv,synthetic,suburban,12.350777994012335,27.99999999999998,6.937318953783647,31.579926330253027
409,suburban_0409.csv,synthetic,suburban,12.69137827856125,25.092445976792163,5.240864580176627,23.061503142396
410,highway_0410.csv,synthetic,highway,18.410819316212883,35.0,15.027998377208613,54.16208027502646
411,highway_0411.csv,synthetic,highway,19.12043798447117,35.0,15.276000929094092,78.01741423591471
412,highway_0412.csv,synthetic,highway,19.547530448584077,35.0,11.846521361371673,81.80610057101313
413,highway_0413.csv,synthetic,highway,19.682986039754248,35.0,13.03616882044945,48.72354238097427
414,highway_0414.csv,synthetic,highway,18.160285133001242,35.0,16.604959135849654,90.07036526442567
415,highway_0415.csv,synthetic,highway,19.659761057193062,34.999999999999986,12.416759535613815,38.79711024277448
416,highway_0416.csv,synthetic,highway,18.95009046396221,35.0,14.376711779720628,70.44498931788537
417,highway_0417.csv,synthetic,highway,18.112092156540033,34.99999999999999,12.265077852176793,47.84195861862282
418,highway_0418.csv,synthetic,highway,19.70818356684508,29.70317406872838,9.135570523929209,46.34857824403091
419,highway_0419.csv,synthetic,highway,19.212067735013985,35.0,11.281829062715175,87.13440223556901
420,highway_0420.csv,synthetic,highway,19.695722079583945,34.999999999999986,13.509568302038307,79.17371087284221
421,highway_0421.csv,synthetic,highway,18.980012315687883,35.0,13.213427717865889,86.15475665790554
422,highway_0422.csv,synthetic,highway,19.75915261859235,34.99999999999996,10.139431644198957,52.97202938675791
423,highway_0423.csv,synthetic,highway,18.8127985337548,35.0,10.894407075547099,78.20544634618388
424,highway_0424.csv,synthetic,highway,18.9911526916755,35.0,13.564407905483137,61.705284921738816
425,highway_0425.csv,synthetic,highway,19.05754961945592,34.999999999999986,12.601400904007525,56.516503964811996
426,highway_0426.csv,synthetic,highway,18.981788015390077,34.999999999999964,12.668234400266254,42.03104697988517
427,highway_0427.csv,synthetic,highway,19.212333925578015,35.0,10.53822773057145,76.72845480848862
428,highway_0428.csv,synthetic,highway,19.77868790882868,35.0,12.134559289942686,33.50914988259899
429,highway_0429.csv,synthetic,highway,19.810185919740867,31.217260365398413,12.337749226953973,56.398087336516994
430,highway_0430.csv,synthetic,highway,19.452882430248106,35.0,12.828959384210982,76.26931810730817
431,highway_0431.csv,synthetic,highway,19.537749593374034,33.002397071559045,13.16768476261061,60.550434163686944
432,highway_0432.csv,synthetic,highway,14.749914995331206,34.99999999999998,10.799692646288996,90.75005821675046
433,highway_0433.csv,synthetic,highway,19.69280349553566,35.0,12.170959071218457,62.15619652690237
434,highway_0434.csv,synthetic,highway,19.14236841378482,34.99999999999999,12.227071669144001,58.82839908617025
435,highway_0435.csv,synthetic,highway,17.64882689331601,35.0,12.47094687851785,82.51160929937724
436,highway_0436.csv,synthetic,highway,19.0644594223198,35.0,15.597334023698805,75.83952068210476
437,highway_0437.csv,synthetic,highway,18.796314191457682,35.0,14.192350586166805,41.59491365020167
438,highway_0438.csv,synthetic,highway,15.60851092308231,35.0,11.099720323709455,75.81875137616575
439,highway_0439.csv,synthetic,highway,17.35135401347854,35.0,13.571205934565445,82.31967891690756
440,highway_0440.csv,synthetic,highway,14.580602162394937,34.999999999999964,12.420012163620951,105.4706111985914
441,highway_0441.csv,synthetic,highway,19.44782142733834,34.999999999999986,12.696326819075036,57.94043079268746
442,highway_0442.csv,synthetic,highway,19.800658334783805,32.555105565178906,10.136296314809734,37.2685786010149
443,highway_0443.csv,synthetic,highway,18.526788950575188,35.0,13.33735162886037,101.92856611595931
444,highway_0444.csv,synthetic,highway,19.644165366636223,34.6676677730358,13.23019524844029,71.77714637270341
445,highway_0445.csv,synthetic,highway,18.548825152264357,35.0,10.778121933060447,52.13915447765933
446,highway_0446.csv,synthetic,highway,19.68143788953118,34.99375442814791,11.546645363574532,41.09637303586211
447,highway_0447.csv,synthetic,highway,18.404476826711676,34.99999999999996,10.946854384268068,63.31668261163033
448,highway_0448.csv,synthetic,highway,19.50588971736033,34.99999999999998,12.109899569740266,46.45663471059391
449,highway_0449.csv,synthetic,highway,19.520893048910803,35.0,11.569407613174473,37.80802123190871
450,highway_0450.csv,synthetic,highway,19.02004010109033,34.99999999999999,12.451249479122641,97.85865525624267
451,highway_0451.csv,synthetic,highway,15.43565678897524,35.0,11.648906465155893,68.7825312479614
452,highway_0452.csv,synthetic,highway,18.248191940138312,35.0,14.179552565742569,72.25477002124293
453,highway_0453.csv,synthetic,highway,19.788035428238118,34.91898323162254,10.56337413594326,46.270503869106236
454,highway_0454.csv,synthetic,highway,19.337469934162133,34.99999982369765,10.139386617336749,74.80408285209742
455,highway_0455.csv,synthetic,highway,18.504992030952053,35.0,15.288080522335132,74.57615739218468
456,highway_0456.csv,synthetic,highway,19.54629130112047,31.754507775816244,11.828996898294918,67.17507855930653
457,highway_0457.csv,synthetic,highway,19.076684403635912,35.0,13.149774783168215,67.82657343856333
458,highway_0458.csv,synthetic,highway,19.187338095355965,35.0,11.684062942451622,47.70918491263298
459,highway_0459.csv,synthetic,highway,19.806142102921584,34.16969280982067,13.2913895381889,60.048297312871384
460,highway_0460.csv,synthetic,highway,19.474218332292644,32.38094689406589,10.194284957891082,37.607698810373996
461,highway_0461.csv,synthetic,highway,17.904652321197208,34.999999999999986,13.345659042532809,88.72952464068709
462,highway_0462.csv,synthetic,highway,19.058752821644028,35.0,10.59123793817554,37.82687104906195
463,highway_0463.csv,synthetic,highway,19.112972946341095,35.0,10.932675481982342,72.94295620165165
464,highway_0464.csv,synthetic,highway,19.733092520174775,31.066877531118326,11.575656355533345,44.55269641194157
465,highway_0465.csv,synthetic,highway,19.595535565418317,34.99999989271365,10.490395275929945,65.74481545255311
466,highway_0466.csv,synthetic,highway,19.519888221834893,35.0,12.47897270075844,48.75366688868287
467,highway_0467.csv,synthetic,highway,19.671366640900715,34.999999999999986,12.698374871334737,74.59814376276022
468,highway_0468.csv,synthetic,highway,17.6672684241908,34.99999999999994,12.084956997783342,77.43907319106637
469,highway_0469.csv,synthetic,highway,19.177565401240475,35.0,12.673069953239306,76.6275038381252
470,highway_0470.csv,synthetic,highway,19.327681880581515,34.99999999999996,12.137734737332954,58.03939869238814
471,highway_0471.csv,synthetic,highway,19.10128890905646,34.99999999999998,13.869086462904594,72.67496944827123
472,highway_0472.csv,synthetic,highway,17.09712062478255,34.999999999999964,10.78611453139707,70.4694621683646
473,highway_0473.csv,synthetic,highway,19.390718303842643,34.99999999999994,12.05598207549906,80.53347813323214
474,highway_0474.csv,synthetic,highway,19.51493239100419,34.99999999999998,14.607245961214407,72.07942155328392
475,highway_0475.csv,synthetic,highway,19.46369386624075,34.999999999999986,14.143156166393549,79.84660095105392
476,highway_0476.csv,synthetic,highway,18.525435576373237,34.999999999999964,17.54833515548448,113.22789309674268
477,highway_0477.csv,synthetic,highway,19.709307859199274,34.99999999999998,16.16744969393644,84.55929624101279
478,highway_0478.csv,synthetic,highway,15.764666297602481,34.99999999999998,11.231838115846566,67.79495582465299
479,highway_0479.csv,synthetic,highway,16.40412593569538,34.999999999999986,10.080670086024588,56.76831142212706
480,highway_0480.csv,synthetic,highway,17.53433630596596,35.0,13.013980017954932,105.64684442563605
481,highway_0481.csv,synthetic,highway,19.135599075796208,35.0,13.040783218749658,70.34648252056773
482,highway_0482.csv,synthetic,highway,19.093252896624108,35.0,11.441642443005318,56.170147271428526
483,highway_0483.csv,synthetic,highway,16.646431295585092,35.0,13.116230457454197,84.34760126207917
484,highway_0484.csv,synthetic,highway,19.554312681226893,34.99999999999998,13.601646131323252,58.21567298234965
485,highway_0485.csv,synthetic,highway,19.24880884778621,35.0,14.045218393337262,64.90060597697361
486,highway_0486.csv,synthetic,highway,19.838536077697285,29.58605343269386,11.455552871860654,31.99845690253031
487,highway_0487.csv,synthetic,highway,18.729974757470025,35.0,15.739993332756942,50.60501282018904
488,highway_0488.csv,synthetic,highway,18.333795972880605,35.0,12.640186180678404,71.51878992583758
489,highway_0489.csv,synthetic,highway,18.75266266548087,34.999999999999986,16.25477622249152,80.95760490551862
490,highway_0490.csv,synthetic,highway,19.062078165367748,34.99999999999998,13.724636321997211,62.48447653222057
491,highway_0491.csv,synthetic,highway,19.192883917860392,34.99999999999998,11.784091331010622,44.04688907000059
492,highway_0492.csv,synthetic,highway,18.62020031045929,34.99999999999998,14.45326320295915,89.66844144435588
493,highway_0493.csv,synthetic,highway,19.661566646117,34.998967584422225,13.621567350522293,64.99249515768824
494,highway_0494.csv,synthetic,highway,19.005768819988713,35.0,12.951667376526514,81.64086444773646
495,highway_0495.csv,synthetic,highway,18.791227709453597,35.0,13.616486038333926,78.26544047414352
496,highway_0496.csv,synthetic,highway,19.05909149330269,35.0,12.092966385154504,88.37809787497821
497,highway_0497.csv,synthetic,highway,19.3371976281284,34.999999999999986,11.597386291392919,55.98190172322349
498,highway_0498.csv,synthetic,highway,19.414711984475915,35.0,13.64145565053019,101.28606597562005
499,highway_0499.csv,synthetic,highway,17.773730662048525,35.0,11.426699611380897,79.9074014927841
500,highway_0500.csv,synthetic,highway,19.07599157777692,34.99999999999989,14.93193554287634,55.059437149482285
501,highway_0501.csv,synthetic,highway,17.724301160082653,34.999999999999964,12.461426400448216,48.14138026897979
502,highway_0502.csv,synthetic,highway,18.878328220280263,35.0,13.015043514707864,61.029745073943374
503,highway_0503.csv,synthetic,highway,18.04414785838679,35.0,14.587403438193983,59.120586987671246
504,highway_0504.csv,synthetic,highway,18.423830203164982,34.99999999999999,14.211835836973243,83.54007313598814
505,highway_0505.csv,synthetic,highway,19.560776996355703,34.999999999999986,12.27897625861225,63.23103915766286
506,highway_0506.csv,synthetic,highway,19.70075114340171,34.99963069169346,12.067723032049754,75.89838851972944
507,highway_0507.csv,synthetic,highway,19.627405261612985,31.899982953126162,9.573269385667281,45.966975887864905
508,highway_0508.csv,synthetic,highway,18.166192817119935,35.0,13.651463320382756,65.99931635579784
509,highway_0509.csv,synthetic,highway,19.220949021662356,34.99999999999998,12.027103922370106,47.3839785416369
510,aggressive_0510.csv,synthetic,aggressive,15.54120072264272,38.0,11.695243028461372,86.2973897871462
511,aggressive_0511.csv,synthetic,aggressive,15.640211007869986,34.06226120276908,8.782091595920816,71.89616921423212
512,aggressive_0512.csv,synthetic,aggressive,15.788397286073794,30.456413563984768,10.064441224524622,43.40306141082399
513,aggressive_0513.csv,synthetic,aggressive,15.516028790107814,33.830240008450566,10.738144695385857,54.10968331719313
514,aggressive_0514.csv,synthetic,aggressive,15.499033602638159,30.195557047455743,8.866933710420403,67.58257922793635
515,aggressive_0515.csv,synthetic,aggressive,15.733211009601613,28.527041580524116,7.784990792196362,48.62695566027588
516,aggressive_0516.csv,synthetic,aggressive,15.719990950823703,28.26802319879541,7.27536762474548,35.59384504464377
517,aggressive_0517.csv,synthetic,aggressive,15.564734560129377,38.0,11.615048778998627,99.82750231989287
518,aggressive_0518.csv,synthetic,aggressive,15.69887581592198,35.91230643379672,10.300922017068109,93.29938276923676
519,aggressive_0519.csv,synthetic,aggressive,15.646702299439767,29.8625437477172,8.038845252167452,34.876225386547326
520,aggressive_0520.csv,synthetic,aggressive,15.548059517979851,37.99268048910125,11.250105617629458,95.4600874072798
521,aggressive_0521.csv,synthetic,aggressive,15.817804777459509,33.16256370460993,11.653549212622513,78.90171501493823
522,aggressive_0522.csv,synthetic,aggressive,15.550941062779028,32.66721605228564,8.03991591825144,60.04783484435897
523,aggressive_0523.csv,synthetic,aggressive,15.315789397450619,37.99999975032121,11.49652272249833,97.1083647170659
524,aggressive_0524.csv,synthetic,aggressive,15.534188629678612,33.54250699379516,8.71542579780524,61.47716918146467
525,aggressive_0525.csv,synthetic,aggressive,15.76428042758229,35.884476647840195,8.95505883506198,48.5438975509298
526,aggressive_0526.csv,synthetic,aggressive,15.299145395103164,38.0,11.819072716447971,102.79708062643371
527,aggressive_0527.csv,synthetic,aggressive,15.603275678079246,27.33582807005746,8.464027989521998,53.62517693950001
528,aggressive_0528.csv,synthetic,aggressive,15.43231891984038,37.999985572770456,10.02610174315087,120.0
529,aggressive_0529.csv,synthetic,aggressive,15.297819245283538,31.991198940431055,9.269727374343605,85.1058176845581
530,aggressive_0530.csv,synthetic,aggressive,15.619446364495904,38.0,11.754571333223502,59.129433909439754
531,aggressive_0531.csv,synthetic,aggressive,15.726705532995885,25.024001740197992,6.766002039989387,36.13858039213298
532,aggressive_0532.csv,synthetic,aggressive,15.681607401452476,37.997403411856155,10.620921200733694,66.93014173824498
533,aggressive_0533.csv,synthetic,aggressive,15.750364751472423,28.444044377787662,7.962233464530421,52.71355637035764
534,aggressive_0534.csv,synthetic,aggressive,15.487569698382963,37.9999996820922,12.057280550231114,103.2379403541248
535,aggressive_0535.csv,synthetic,aggressive,15.50102209326579,29.231484158983818,8.264511187298796,47.14760668148927
536,aggressive_0536.csv,synthetic,aggressive,15.503839194276503,35.086459826822946,9.884481751004447,76.72599148542736
537,aggressive_0537.csv,synthetic,aggressive,15.39808273514082,31.1381930795502,10.276184179849524,51.5179092330248
538,aggressive_0538.csv,synthetic,aggressive,15.518659868544292,31.619113549133637,9.391744647411679,50.1431708892299
539,aggressive_0539.csv,synthetic,aggressive,15.233984943540117,37.940083017177784,11.994401179031664,84.00385789718946
540,aggressive_0540.csv,synthetic,aggressive,15.697913930331039,27.4473537653469,9.192467463217879,45.67369130195718
541,aggressive_0541.csv,synthetic,aggressive,15.389912126893622,37.99999911630947,15.181056104589258,111.9242350441051
542,aggressive_0542.csv,synthetic,aggressive,15.454020998722614,37.999999999999986,12.30893716021571,89.62501937384901
543,aggressive_0543.csv,synthetic,aggressive,15.556601180852615,38.0,9.737049530926374,63.31187636181502
544,aggressive_0544.csv,synthetic,aggressive,15.590262637854064,26.442112980239067,7.978847468880173,35.370064629406244
545,aggressive_0545.csv,synthetic,aggressive,15.22042756845463,37.999999999999964,10.703732594563201,78.05342344922717
546,aggressive_0546.csv,synthetic,aggressive,15.74245141592268,30.757284725730283,8.017465875007089,45.70514796278827
547,aggressive_0547.csv,synthetic,aggressive,15.830295104191284,36.447034655152265,11.085809139343452,46.60548312590527
548,aggressive_0548.csv,synthetic,aggressive,15.505440509098898,38.0,12.267827287893244,70.41643170277436
549,aggressive_0549.csv,synthetic,aggressive,15.584675809843695,25.814022058290295,7.824048347078925,20.600051395417303
550,aggressive_0550.csv,synthetic,aggressive,15.043856061367375,38.0,12.06532601336842,78.48819634200278
551,aggressive_0551.csv,synthetic,aggressive,15.588089896111342,37.71789068669036,8.991912554966605,48.25110522659153
552,aggressive_0552.csv,synthetic,aggressive,15.65382954350477,25.61960782543151,8.685381788664674,58.82221677305145
553,aggressive_0553.csv,synthetic,aggressive,15.671355370947692,35.29340937693389,11.783898068403332,82.67456549842025
554,aggressive_0554.csv,synthetic,aggressive,15.526350656007024,37.98994982048367,10.260647800109576,45.05799205544001
555,aggressive_0555.csv,synthetic,aggressive,15.40120137630076,38.0,11.893401281475436,112.4731874852229
556,aggressive_0556.csv,synthetic,aggressive,15.468162904416687,37.88573899565839,11.444050886461778,84.0316400190509
557,aggressive_0557.csv,synthetic,aggressive,15.823851197389708,24.062183575731787,7.21872185592085,18.76668470547729
558,aggressive_0558.csv,synthetic,aggressive,15.702294874576006,29.986733636409546,8.415004388776357,57.88548608687543
559,aggressive_0559.csv,synthetic,aggressive,14.408267128008994,38.0,12.951972419999755,102.47579353436855
